CASE_ID,ACCIDENT_YEAR,PROC_DATE,JURIS,COLLISION_DATE,COLLISION_TIME,OFFICER_ID,REPORTING_DISTRICT,DAY_OF_WEEK,CHP_SHIFT,POPULATION,CNTY_CITY_LOC,SPECIAL_COND,BEAT_TYPE,CHP_BEAT_TYPE,CITY_DIVISION_LAPD,CHP_BEAT_CLASS,BEAT_NUMBER,PRIMARY_RD,SECONDARY_RD,DISTANCE,DIRECTION,INTERSECTION,WEATHER_1,WEATHER_2,STATE_HWY_IND,CALTRANS_COUNTY,CALTRANS_DISTRICT,STATE_ROUTE,ROUTE_SUFFIX,POSTMILE_PREFIX,POSTMILE,LOCATION_TYPE,RAMP_INTERSECTION,SIDE_OF_HWY,TOW_AWAY,COLLISION_SEVERITY,NUMBER_KILLED,NUMBER_INJURED,PARTY_COUNT,PRIMARY_COLL_FACTOR,PCF_CODE_OF_VIOL,PCF_VIOL_CATEGORY,PCF_VIOLATION,PCF_VIOL_SUBSECTION,HIT_AND_RUN,TYPE_OF_COLLISION,MVIW,PED_ACTION,ROAD_SURFACE,ROAD_COND_1,ROAD_COND_2,LIGHTING,CONTROL_DEVICE,CHP_ROAD_TYPE,PEDESTRIAN_ACCIDENT,BICYCLE_ACCIDENT,MOTORCYCLE_ACCIDENT,TRUCK_ACCIDENT,NOT_PRIVATE_PROPERTY,ALCOHOL_INVOLVED,STWD_VEHTYPE_AT_FAULT,CHP_VEHTYPE_AT_FAULT,COUNT_SEVERE_INJ,COUNT_VISIBLE_INJ,COUNT_COMPLAINT_PAIN,COUNT_PED_KILLED,COUNT_PED_INJURED,COUNT_BICYCLIST_KILLED,COUNT_BICYCLIST_INJURED,COUNT_MC_KILLED,COUNT_MC_INJURED,PRIMARY_RAMP,SECONDARY_RAMP,LATITUDE,LONGITUDE,COUNTY,CITY,POINT_X,POINT_Y
91621292,2021,2021-11-10,9325,2021-11-05,1630,021083,,5,2,9,2800,0,1,3,,1,011,SR-29,SR-221,528.00,S,N,B,-,Y,,,29,,,,,,,Y,4,0,1,2,A,-,07,21658,A,N,B,C,A,A,H,-,A,D,0,,,,,Y,,A,07,0,0,1,0,0,0,0,0,0,"- ","- ",38.239429473876953,-122.26632690429688,NAPA,UNINCORPORATED,-122.266357421875,38.239395141601562
9314101,2021,2021-09-22,2802,2021-08-16,1100,320533,31,1,5,5,2802,0,0,0,,0,01A,"G ST","JEFFERSON ST",0.00,,Y,A,-,N,,,,,,,,,,Y,4,0,2,2,A,-,08,22107,,N,B,C,A,A,H,-,A,D,0,,,,,Y,,A,01,0,0,2,0,0,0,0,0,0,"- ","- ",,,NAPA,NAPA,-122.29514312744141,38.306224822998047
91618866,2021,2021-11-08,9325,2021-10-28,0530,021969,,4,3,9,2800,0,1,3,,1,012,SR-12,"SR-29 N/B",240.00,E,N,E,-,Y,,,12,,,,,,,Y,4,0,3,2,A,-,03,22350,,N,C,C,A,A,C,-,D,D,0,,,,,Y,Y,A,07,0,0,3,0,0,0,0,0,0,"- ","- ",38.223098754882812,-122.25691223144531,NAPA,UNINCORPORATED,-122.25691223144531,38.223079681396484
9250514,2021,2021-04-27,2802,2021-04-01,1617,3220363,10,4,5,5,2802,0,0,0,,0,003,"SIERRA AV","LASSEN ST",373.00,E,N,A,-,N,,,,,,,,,,N,2,0,1,2,A,-,11,21954,A,N,G,B,D,A,H,-,A,D,0,Y,,,,Y,,N,60,1,0,0,0,1,0,0,0,0,"- ","- ",,,NAPA,NAPA,-122.31102752685547,38.327667236328125
91611914,2021,2021-11-01,9325,2021-10-19,1430,017559,,2,2,9,2800,0,1,3,,1,013,"SR-221 S/B","ANDERSON RD",1437.00,S,N,B,-,Y,,,221,,,,,,S,Y,3,0,2,3,A,-,03,22350,,N,C,C,A,A,H,-,A,D,0,,,,,Y,,A,07,0,2,0,0,0,0,0,0,0,"- ","- ",38.246360778808594,-122.26969909667969,NAPA,UNINCORPORATED,-122.26970672607422,38.246356964111328
9371512,2021,2021-12-29,2802,2021-12-06,1451,320108,0,1,5,5,2802,0,0,0,,0,,"RT 29","RT 121",5280.00,S,N,B,C,Y,NAP,4,29,-,R,7.600,H,-,S,Y,2,0,1,1,A,-,05,21650,,N,F,-,A,B,H,-,A,D,0,,,,,Y,,A,07,1,0,0,0,0,0,0,0,0,"- ","- ",,,NAPA,NAPA,-122.29338073730469,38.245880126953125
91608650,2021,2021-12-09,9325,2021-10-17,1655,021896,,7,2,9,2800,0,1,3,,1,044,SR-29,"TUBBS LANE",3696.00,N,N,C,-,Y,,,29,,,,,,,N,2,0,2,2,A,-,05,21460,A,N,D,C,A,B,H,-,A,D,0,,,,,Y,,D,22,1,0,1,0,0,0,0,0,0,"- ","- ",38.61029052734375,-122.59420013427734,NAPA,UNINCORPORATED,-122.59420776367188,38.610298156738281
9370998,2021,2021-12-03,2800,2021-10-26,1848,250484,10201,2,5,2,2805,0,0,0,,0,001,"RT 29","AMERICAN CANYON RD",500.00,S,N,A,-,Y,NAP,4,29,-,-,0.600,H,-,N,Y,3,0,1,3,A,-,03,22350,,N,C,C,A,A,H,-,C,A,0,,,,,Y,,A,01,0,1,0,0,0,0,0,0,0,"- ","- ",,,NAPA,"AMERICAN CANYON",-122.25285339355469,38.164173126220703
91537148,2021,2021-08-05,9325,2021-07-21,0535,014728,,3,3,9,2800,0,2,4,,1,023,"SILVERADO TRAIL","OAK KNOLL AVE.",0.00,,Y,A,-,N,,,,,,,,,,Y,4,0,2,2,A,-,09,21802,A,N,D,D,A,A,H,-,B,A,0,,,,,Y,,A,01,0,0,2,0,0,0,0,0,0,"- ","- ",38.369979858398438,-122.30091857910156,NAPA,UNINCORPORATED,-122.30091857910156,38.369987487792969
91582529,2021,2021-09-29,9325,2021-06-17,1600,021005,,4,2,9,2800,0,3,5,,1,008,"KNOXVILLE ROAD","KNOXVILLE YOLO ROAD",20592.00,S,N,A,-,N,,,,,,,,,,Y,1,1,0,1,A,-,08,22107,,N,E,I,A,A,E,-,A,D,0,,,,,Y,,D,22,0,0,0,0,0,0,0,0,0,"- ","- ",38.786979675292969,-122.28988647460938,NAPA,UNINCORPORATED,,
91576401,2021,2021-09-22,9325,2021-09-12,0205,021896,,7,3,9,2800,0,2,4,,1,042,"SILVERADO TRAIL","PICKETT RD",450.00,S,N,A,-,N,,,,,,,,,,Y,3,0,1,1,A,-,01,23152,A,N,E,I,A,A,H,-,D,D,0,,,,,Y,Y,D,22,0,1,0,0,0,0,0,0,0,"- ","- ",38.580211639404297,-122.55821228027344,NAPA,UNINCORPORATED,-122.55739593505859,38.579921722412109
9250515,2021,2021-04-27,2802,2021-04-14,0847,320425,55,3,5,5,2802,0,0,0,,0,02B,"GASSER DR","W IMOLA AV",0.00,,Y,A,-,N,,,,,,,,,,Y,4,0,1,2,A,-,12,21453,A,N,D,C,A,A,H,-,A,D,0,,,,,Y,,A,01,0,0,1,0,0,0,0,0,0,"- ","- ",,,NAPA,NAPA,-122.27857208251953,38.280868530273438
9283389,2021,2021-07-30,2802,2021-06-20,1439,320488,74,7,5,5,2802,0,0,0,,0,04B,"RT 12","RT 29",100.00,E,N,A,-,Y,NAP,4,121,-,R,4.430,H,-,N,Y,4,0,3,2,A,-,03,22350,,N,D,C,A,A,H,-,A,A,0,,,,,Y,,A,01,0,0,3,0,0,0,0,0,0,"- ","- ",,,NAPA,NAPA,-122.30381011962891,38.257884979248047
9371144,2021,2021-12-03,2800,2021-11-06,1311,250533,10202,6,5,2,2805,0,0,0,,0,001,BROADWAY,"POCO WY",0.00,,Y,B,-,Y,NAP,4,29,-,-,1.530,H,-,N,Y,3,0,2,1,B,-,22,,,N,E,I,A,A,H,-,A,D,0,,,,,Y,,A,08,0,1,1,0,0,0,0,0,0,"- ","- ",,,NAPA,"AMERICAN CANYON",-122.25431060791016,38.177341461181641
9377340,2021,2021-12-27,2802,2021-11-28,1155,320488,44,7,5,5,2802,0,0,0,,0,01B,"OAK ST","WILSON ST",0.00,,Y,A,-,N,,,,,,,,,,Y,4,0,2,2,A,-,09,21802,A,N,D,C,A,A,H,-,A,A,0,,,,,Y,,A,01,0,0,2,0,0,0,0,0,0,"- ","- ",,,NAPA,NAPA,-122.29050445556641,38.294559478759766
91542178,2021,2021-08-11,9325,2021-07-29,0555,014728,,4,3,9,2800,0,1,3,,1,011,SR-29,"S. KELLY RD.",350.00,N,N,A,-,Y,,,29,,,,,,,Y,4,0,1,2,A,-,03,22350,,N,C,C,A,A,H,-,B,A,0,,,,Y,Y,,A,01,0,0,1,0,0,0,0,0,0,"- ","- ",38.208751678466797,-122.256103515625,NAPA,UNINCORPORATED,-122.25611114501953,38.208747863769531
9221424,2021,2021-02-23,2802,2021-01-14,1230,185,29,4,5,5,2802,0,0,0,,0,003,"SILVERADO TRL","EAST AV",0.00,,Y,A,-,Y,NAP,4,121,-,-,8.450,I,5,S,Y,4,0,1,2,A,-,09,21802,B,N,D,C,A,A,H,-,A,A,0,,,,,Y,,A,01,0,0,1,0,0,0,0,0,0,"- ","- ",,,NAPA,NAPA,-122.27574920654297,38.313369750976562
9228102,2021,2021-04-15,2802,2021-02-23,1603,320531,0,2,5,5,2802,0,0,0,,0,,"IMOLA AV","CABOT WY",1200.00,E,N,A,-,N,,,,,,,,,,Y,4,0,1,2,A,-,03,22350,,N,C,C,A,A,H,-,A,D,0,,,,,Y,,A,01,0,0,1,0,0,0,0,0,0,"- ","- ",,,NAPA,NAPA,-122.28497314453125,38.281543731689453
91440632,2021,2021-04-01,9325,2021-03-18,0500,014728,,4,3,9,2800,0,1,3,,1,011,"SR-29 N/B","SR-12 E/B",2640.00,S,N,B,C,Y,,,29,,,,,,N,Y,4,0,1,1,A,-,03,22350,,N,E,I,A,B,H,-,D,A,0,,,,,Y,,A,01,0,0,1,0,0,0,0,0,0,"- ","- ",38.215839385986328,-122.25678253173828,NAPA,UNINCORPORATED,-122.25684356689453,38.215827941894531
91516013,2021,2021-07-08,9325,2021-07-02,1845,017746,,5,2,9,2800,0,1,3,,1,081,SR-128,"CIRCLE OAKS DR",8448.00,N,N,A,-,Y,,,,,,,,,,Y,3,0,1,1,A,-,08,22107,,N,E,I,A,A,H,-,A,D,0,,,Y,,Y,,C,02,0,1,0,0,0,0,0,0,1,"- ","- ",38.430049896240234,-122.20900726318359,NAPA,UNINCORPORATED,,
91543416,2021,2021-08-12,9325,2021-07-31,1030,017746,,6,1,9,2800,0,3,5,,1,008,"BUTTS CANYON ROAD","JAMES CREEK RD",10560.00,E,N,A,-,N,,,,,,,,,,Y,2,0,1,1,A,-,08,22107,,N,F,A,A,A,H,-,A,D,0,,,Y,,Y,,C,02,1,0,0,0,0,0,0,0,1,"- ","- ",38.683368682861328,-122.44583892822266,NAPA,UNINCORPORATED,-122.44615173339844,38.683734893798828
9283459,2021,2021-07-20,2803,2021-06-25,1448,91,,5,5,2,2803,0,0,0,,0,,"HOWELL MOUNTAIN RD","M:M 00.75",390.00,E,N,A,-,N,,,,,,,,,,Y,3,0,1,1,A,-,08,22107,,N,E,I,A,A,H,-,A,D,0,,,,,Y,Y,A,01,0,1,0,0,0,0,0,0,0,"- ","- ",38.512798309326172,-122.43997955322266,NAPA,"SAINT HELENA",,
9340501,2021,2021-11-10,2802,2021-09-06,1024,320425,74,1,5,5,2802,0,0,0,,0,04B,"RT 29","RT 12",3168.00,S,N,A,-,N,,,,,,,,,,N,4,0,1,1,A,-,08,22107,,N,E,I,A,A,H,-,A,D,0,,,,,Y,,A,07,0,0,1,0,0,0,0,0,0,"- ","- ",,,NAPA,NAPA,-122.301025390625,38.249347686767578
91615810,2021,2021-11-04,9325,2021-10-18,0840,015674,,1,1,9,2800,0,2,4,,1,023,"SILVERADO TRAIL","OAK KNOLL AVE.",3326.00,N,N,A,-,N,,,,,,,,,,Y,2,0,1,2,A,-,01,23152,F,N,B,C,A,B,H,-,A,D,0,,,,,Y,,A,01,1,0,0,0,0,0,0,0,0,"- ","- ",38.377849578857422,-122.30774688720703,NAPA,UNINCORPORATED,-122.30756378173828,38.377445220947266
9355879,2021,2021-11-15,2800,2021-09-27,1635,250484,10204,1,5,2,2805,0,0,0,,0,001,BROADWAY,"RIO DEL MAR",0.00,,Y,A,-,Y,NAP,4,29,-,-,1.660,I,5,S,Y,4,0,1,2,A,-,03,22350,,N,C,C,A,A,H,-,A,A,0,,,,,Y,,A,01,0,0,1,0,0,0,0,0,0,"- ","- ",,,NAPA,"AMERICAN CANYON",-122.25485229492188,38.179130554199219
9369163,2021,2021-12-15,2802,2021-11-27,0646,205,23,6,5,5,2802,0,0,0,,0,003,"SOSCOL AV","TRANCAS ST",0.00,,Y,A,-,N,,,,,,,,,,Y,4,0,1,2,A,-,12,21453,A,N,D,C,A,A,H,-,A,A,0,,,,,Y,,A,01,0,0,1,0,0,0,0,0,0,"- ","- ",,,NAPA,NAPA,-122.28885650634766,38.324764251708984
9386720,2021,2022-01-12,2802,2021-12-24,2310,320497,54,5,5,5,2802,0,0,0,,0,02B,"RIVER PARK BL","LEWIS WY",150.00,W,N,B,-,N,,,,,,,,,,Y,2,0,1,1,A,-,01,23152,A,N,E,I,A,B,H,-,C,D,0,,,,,Y,Y,A,01,1,0,0,0,0,0,0,0,0,"- ","- ",,,NAPA,NAPA,-122.28915405273438,38.277889251708984
9364996,2021,2021-12-30,2802,2021-11-17,1548,320363,13,3,5,5,2802,0,0,0,,0,003,"TRANCAS ST","MONTCLAIR AV",100.00,W,N,A,-,N,,,,,,,,,,N,4,0,1,2,A,-,03,22350,,N,C,C,A,A,H,-,A,A,0,,,,,Y,,A,07,0,0,1,0,0,0,0,0,0,"- ","- ",,,NAPA,NAPA,-122.29716491699219,38.323322296142578
91432827,2021,2021-03-23,9325,2021-03-10,2235,020615,,3,3,9,2800,0,3,5,,2,004,"WHITE COTTAGE RD  S","ALTA LOMA DR",300.00,S,N,B,-,N,,,,,,,,,,Y,4,0,2,1,C,-,18,,,N,E,J,A,B,H,-,D,D,0,,,,,Y,,-,"- ",0,0,2,0,0,0,0,0,0,"- ","- ",38.561630249023438,-122.45854949951172,NAPA,UNINCORPORATED,-122.45850372314453,38.561527252197266
9275845,2021,2021-07-07,2802,2021-06-02,1752,320388,26,3,5,5,2802,0,0,0,,0,01A,"LINCOLN AV","MARIN ST",0.00,,Y,A,-,N,,,,,,,,,,Y,4,0,1,2,A,-,01,23152,A,M,B,C,A,A,H,-,A,D,0,,,,,Y,Y,A,01,0,0,1,0,0,0,0,0,0,"- ","- ",,,NAPA,NAPA,-122.30033874511719,38.307582855224609
9378780,2021,2021-12-15,2803,2021-12-02,1713,90,,4,5,2,2803,0,0,0,,0,,"POPE ST","ALLISON AV",0.00,,Y,A,F,N,,,,,,,,,,N,3,0,1,2,A,-,10,21950,C,N,G,B,B,A,H,-,B,D,0,Y,,,,Y,,A,01,0,1,0,0,1,0,0,0,0,"- ","- ",38.505050659179688,-122.46338653564453,NAPA,"SAINT HELENA",-122.46340179443359,38.505069732666016
9245489,2021,2021-03-29,2802,2021-03-04,2204,320455,50,4,5,5,2802,0,0,0,,0,02B,"SILVERADO TRL","SOSCOL AV",0.00,,Y,A,-,Y,NAP,4,121,-,-,6.554,I,5,N,Y,3,0,4,2,A,-,12,21453,A,N,D,C,A,A,H,-,C,A,0,,,,,Y,,A,01,0,2,2,0,0,0,0,0,0,"- ","- ",,,NAPA,NAPA,-122.27522277832031,38.288227081298828
9360907,2021,2021-12-29,2802,2021-11-09,1751,320344,43,2,5,5,2802,0,0,0,,0,01B,"JEFFERSON ST","LAUREL ST",0.00,,Y,C,-,N,,,,,,,,,,N,3,0,1,2,A,-,10,21950,A,F,G,B,B,B,H,-,C,A,0,Y,,,,Y,Y,-,99,0,1,0,0,1,0,0,0,0,"- ","- ",,,NAPA,NAPA,-122.29424285888672,38.292667388916016
91442952,2021,2021-04-05,9325,2021-03-25,1215,022538,,4,1,9,2800,0,1,3,,1,044,SR-29,"OLD LAWLEY TOLL RD",10560.00,N,N,A,-,Y,,,29,,,,,,,Y,3,0,1,1,A,-,03,22350,,N,E,I,A,A,H,-,A,D,0,,,,,Y,,A,01,0,1,0,0,0,0,0,0,0,"- ","- ",38.648750305175781,-122.59352111816406,NAPA,UNINCORPORATED,-122.59351348876953,38.6488037109375
91614036,2021,2021-11-03,9325,2021-10-21,2203,019847,,4,3,5,2802,0,1,3,,1,022,SR-29,"TRANCAS STREET",1584.00,N,N,B,-,Y,,,29,,,,,,,Y,3,0,1,1,A,-,08,22107,,N,E,J,A,B,H,-,C,D,0,,,,,Y,,A,07,0,1,0,0,0,0,0,0,0,"- ","- ",38.324699401855469,-122.31137084960938,NAPA,NAPA,-122.31166076660156,38.324443817138672
9254668,2021,2021-05-20,2802,2021-04-10,2258,320534,64,6,5,5,2802,0,0,0,,0,02A,"SOSCOL AV","PEARL ST",76.00,S,N,A,-,N,,,,,,,,,,Y,4,0,1,2,A,-,01,23152,A,N,A,C,A,A,H,-,C,A,0,,,,,Y,Y,A,01,0,0,1,0,0,0,0,0,0,"- ","- ",,,NAPA,NAPA,-122.28431701660156,38.301490783691406
9264436,2021,2021-05-26,2802,2021-04-20,0750,320425,37,2,5,5,2802,0,0,0,,0,01C,"2ND ST","JEFFERSON ST",0.00,,Y,A,-,N,,,,,,,,,,N,4,0,1,2,A,-,12,21453,A,N,D,C,A,A,H,-,A,A,0,,,,,Y,,D,22,0,0,1,0,0,0,0,0,0,"- ","- ",,,NAPA,NAPA,-122.29353332519531,38.296539306640625
9269863,2021,2021-06-07,2802,2021-04-30,1152,185,32,5,5,5,2802,0,0,0,,0,02A,"SILVERADO TRL","TAYLOR ST",0.00,,Y,A,-,N,,,,,,,,,,N,4,0,1,2,A,-,05,21460,C,N,B,C,A,A,H,-,A,D,0,,,,,Y,,A,01,0,0,1,0,0,0,0,0,0,"- ","- ",,,NAPA,NAPA,-122.27610015869141,38.300380706787109
91459048,2021,2021-04-27,9325,2021-04-17,2114,021425,,6,2,9,2800,0,1,3,,2,071,SR-121,"OLD SONOMA HIGHWAY",19.00,S,N,A,-,Y,,,121,,,,,,,Y,4,0,1,1,A,-,08,22107,,N,E,I,A,A,H,-,D,D,0,,,,,Y,,A,01,0,0,1,0,0,0,0,0,0,"- ","- ",38.254779815673828,-122.33612823486328,NAPA,UNINCORPORATED,-122.33610534667969,38.254589080810547
91506654,2021,2021-06-25,9325,2021-06-16,1230,015796,,3,1,9,2800,0,1,3,,1,031,SR-29,"ZINFANDEL LANE",0.00,,Y,A,-,Y,,,29,,,,,,,Y,3,0,4,2,A,-,09,21800,A,N,D,C,A,A,H,-,A,A,0,,,,,Y,,A,01,0,4,0,0,0,0,0,0,0,"- ","- ",38.482589721679688,-122.44258880615234,NAPA,UNINCORPORATED,-122.44259643554688,38.482585906982422
91565266,2021,2021-09-08,9325,2021-08-28,1400,021969,,6,2,9,2800,0,3,5,,2,002,"STONECREST DR","HILLSIDE AVE",1584.00,E,N,A,-,N,,,,,,,,,,Y,4,0,2,1,A,-,08,22107,,N,E,I,A,A,H,-,A,D,0,,,,,Y,,A,01,0,0,2,0,0,0,0,0,0,"- ","- ",38.315990447998047,-122.26750946044922,NAPA,UNINCORPORATED,-122.26712036132812,38.316066741943359
9269868,2021,2021-06-16,2802,2021-05-17,1113,320425,9,1,5,5,2802,0,0,0,,0,04A,"LINDA VISTA AV","REDWOOD RD",0.00,,Y,A,-,N,,,,,,,,,,N,3,0,1,3,A,-,03,22350,,N,C,C,A,A,H,-,A,A,0,,,,,Y,,D,22,0,1,0,0,0,0,0,0,0,"- ","- ",,,NAPA,NAPA,-122.31838226318359,38.319606781005859
9289580,2021,2021-08-20,2802,2021-07-03,0956,320533,50,6,5,5,2802,0,0,0,,0,02B,"SOSCAL AV","SILVERADO TRL",50.00,S,N,A,B,N,,,,,,,,,,N,4,0,1,2,A,-,03,22350,,N,C,C,A,A,H,-,A,D,0,,,,,Y,,A,08,0,0,1,0,0,0,0,0,0,"- ","- ",,,NAPA,NAPA,-122.27517700195312,38.28802490234375
91541311,2021,2021-08-10,9325,2021-07-29,1514,021083,,4,2,9,2800,0,1,3,,1,044,SR-29,"TUBBS LN",528.00,N,N,A,-,Y,,,29,,,,,,,N,3,0,1,1,A,-,03,22350,,N,F,A,A,A,H,-,A,D,0,,,Y,,Y,,C,02,0,1,0,0,0,0,0,0,1,"- ","- ",38.606838226318359,-122.59834289550781,NAPA,UNINCORPORATED,-122.59839630126953,38.606784820556641
9371508,2021,2021-12-29,2802,2021-12-06,1721,320283,3,1,5,5,2802,0,0,0,,0,003,"RT 29","WINE COUNTRY AV",100.00,N,N,C,-,Y,NAP,4,29,-,-,14.340,H,-,S,Y,4,0,1,3,A,-,03,22350,,N,C,C,A,B,H,-,C,A,0,,,,,Y,,A,01,0,0,1,0,0,0,0,0,0,"- ","- ",,,NAPA,NAPA,-122.32196807861328,38.336360931396484
91400936,2021,2021-02-02,9325,2021-01-21,1641,015447,,4,2,9,2800,0,1,3,,1,011,SR-29,SR-221,0.00,,Y,A,-,Y,,,29,,,,,,,Y,2,0,1,2,A,-,03,22350,,N,D,C,A,A,H,-,A,A,0,,,,,Y,,A,07,1,0,0,0,0,0,0,0,0,"- ","- ",38.241378784179688,-122.26937103271484,NAPA,UNINCORPORATED,-122.26934814453125,38.241409301757812
91521712,2021,2021-07-16,9325,2021-05-16,1505,021083,,7,2,9,2800,0,1,3,,1,081,SR-121,"WATERS RD",1056.00,S,N,A,-,Y,,,121,,,,,,,Y,3,0,1,2,A,-,05,21460,A,N,B,C,A,A,H,-,A,D,0,,,Y,,Y,,C,02,0,1,0,0,0,0,0,0,1,"- ","- ",38.39202880859375,-122.20200347900391,NAPA,UNINCORPORATED,-122.20201110839844,38.392032623291016
91522979,2021,2021-07-19,9325,2021-07-09,1725,021605,,5,2,9,2800,0,3,5,,2,002,"HAGEN ROAD","FIRST AVENUE",336.00,E,N,A,-,N,,,,,,,,,,Y,4,0,1,2,A,-,08,22107,,N,E,I,A,A,H,-,A,D,0,,,,,Y,,A,01,0,0,1,0,0,0,0,0,0,"- ","- ",38.323310852050781,-122.2547607421875,NAPA,UNINCORPORATED,-122.25487518310547,38.323360443115234
91578752,2021,2021-09-24,9325,2021-09-11,2030,022560,,6,2,9,2800,0,1,3,,1,013,SR-221,"STREBLOW DR",25.00,S,N,A,-,Y,,,221,,,,,,,Y,3,0,3,2,A,-,03,22350,,N,C,C,A,A,H,-,C,D,0,,,,,Y,,A,01,0,3,0,0,0,0,0,0,0,"- ","- ",38.270069122314453,-122.27181243896484,NAPA,UNINCORPORATED,-122.27177429199219,38.270076751708984
91658777,2021,2021-12-22,9325,2021-12-14,0235,019067,,2,3,9,2800,0,3,5,,1,008,"HOWELL MOUNTAIN ROAD","INK GRADE ROAD",528.00,S,N,B,C,N,,,,,,,,,,Y,3,0,1,1,A,-,08,22107,,N,E,I,A,B,H,-,D,D,0,,,,,Y,,A,07,0,1,0,0,0,0,0,0,0,"- ","- ",38.592521667480469,-122.43965148925781,NAPA,UNINCORPORATED,-122.43973541259766,38.592544555664062
9246866,2021,2021-04-20,2800,2021-03-21,1957,250492,20212,7,5,2,2805,0,0,0,,0,002,BROADWAY,"EUCALYPTUS DR",0.00,,Y,A,-,Y,NAP,4,29,-,-,1.770,H,-,N,Y,4,0,2,2,A,-,01,23152,A,M,C,C,A,A,H,-,C,A,0,,,,,Y,Y,D,22,0,0,2,0,0,0,0,0,0,"- ","- ",,,NAPA,"AMERICAN CANYON",-122.25487518310547,38.180755615234375
9284229,2021,2021-07-20,2802,2021-06-28,2318,320531,34,1,5,5,2802,0,0,0,,0,04B,"KILBURN AV","BREMEM CT",47.00,E,N,A,-,N,,,,,,,,,,Y,3,0,2,3,A,-,08,22107,,N,C,E,A,A,H,-,C,D,0,,,,,Y,,A,01,0,1,1,0,0,0,0,0,0,"- ","- ",,,NAPA,NAPA,-122.30678558349609,38.296749114990234
9327722,2021,2021-10-15,2802,2021-09-18,2204,320497,27,6,5,5,2802,0,0,0,,0,01A,"JEFFERSON ST","PARK AV",0.00,,Y,C,-,N,,,,,,,,,,N,4,0,2,2,A,-,03,22350,,F,C,C,A,B,H,-,C,A,0,,,,,Y,,A,01,0,0,2,0,0,0,0,0,0,"- ","- ",,,NAPA,NAPA,-122.29701995849609,38.312648773193359
9337719,2021,2021-10-18,2802,2021-09-06,1728,3220118,50,1,5,5,2802,0,0,0,,0,02B,"IMOLA AV","SOSCOL AV",0.00,,Y,A,-,N,,,,,,,,,,Y,4,0,1,2,A,-,12,21453,A,N,D,C,A,A,H,-,A,A,0,,,,,Y,,A,01,0,0,1,0,0,0,0,0,0,"- ","- ",,,NAPA,NAPA,-122.27429962158203,38.280574798583984
9363524,2021,2021-12-16,2800,2021-11-14,1219,250520,10201,7,5,2,2805,0,0,0,,0,001,"RT 29","W AMERICAN CANYON RD",0.00,,Y,B,-,Y,NAP,4,29,-,-,0.690,I,5,S,N,4,0,1,2,B,-,22,,,N,B,G,A,A,H,-,A,A,0,,Y,,,Y,,L,04,0,0,1,0,0,0,1,0,0,"- ","- ",,,NAPA,"AMERICAN CANYON",-122.25293731689453,38.165573120117188
91393638,2021,2021-01-25,9325,2021-01-12,0330,022538,,2,3,9,2800,0,1,3,,1,012,"SR-12 E/B","SOUTH KELLY ROAD",24.00,E,N,A,-,Y,,,12,,,,,,E,Y,3,0,1,1,A,-,03,22350,,N,F,A,A,A,H,-,C,D,0,,,,Y,Y,,G,27,0,1,0,0,0,0,0,0,0,"- ","- ",38.222560882568359,-122.25327301025391,NAPA,UNINCORPORATED,-122.25326538085938,38.222602844238281
91506712,2021,2021-06-25,9325,2021-06-16,2215,020776,,3,3,9,2800,0,1,3,,1,011,"SR-29 S/B",SR-12,300.00,N,N,A,-,Y,,,29,,,,,,S,N,4,0,3,3,A,-,03,22350,,N,C,C,A,A,H,-,C,D,0,,,,,Y,,A,01,0,0,3,0,0,0,0,0,0,"- ","- ",38.223529815673828,-122.25794219970703,NAPA,UNINCORPORATED,-122.25804901123047,38.223522186279297
9273519,2021,2021-07-06,2802,2021-06-07,1550,320526,50,1,5,5,2802,0,0,0,,0,02B,"SOSCOL AV","SILVERADO TRL",0.00,,Y,A,G,N,,,,,,,,,,N,4,0,1,3,A,-,04,21703,,N,C,C,A,A,G,-,A,A,0,,,,,Y,,A,01,0,0,1,0,0,0,0,0,0,"- ","- ",,,NAPA,NAPA,-122.27522277832031,38.288158416748047
9368699,2021,2021-12-15,2802,2021-11-04,1626,185,11,4,5,5,2802,0,0,0,,0,003,"OLD CALIFORNIA WAY","TRANCAS ST",155.00,S,N,A,-,N,,,,,,,,,,Y,3,0,1,3,A,-,08,22107,,M,B,E,A,A,H,-,A,D,0,,,,,Y,,A,01,0,1,0,0,0,0,0,0,0,"- ","- ",,,NAPA,NAPA,-122.30711364746094,38.321144104003906