CASE_ID,ACCIDENT_YEAR,PROC_DATE,JURIS,COLLISION_DATE,COLLISION_TIME,OFFICER_ID,REPORTING_DISTRICT,DAY_OF_WEEK,CHP_SHIFT,POPULATION,CNTY_CITY_LOC,SPECIAL_COND,BEAT_TYPE,CHP_BEAT_TYPE,CITY_DIVISION_LAPD,CHP_BEAT_CLASS,BEAT_NUMBER,PRIMARY_RD,SECONDARY_RD,DISTANCE,DIRECTION,INTERSECTION,WEATHER_1,WEATHER_2,STATE_HWY_IND,CALTRANS_COUNTY,CALTRANS_DISTRICT,STATE_ROUTE,ROUTE_SUFFIX,POSTMILE_PREFIX,POSTMILE,LOCATION_TYPE,RAMP_INTERSECTION,SIDE_OF_HWY,TOW_AWAY,COLLISION_SEVERITY,NUMBER_KILLED,NUMBER_INJURED,PARTY_COUNT,PRIMARY_COLL_FACTOR,PCF_CODE_OF_VIOL,PCF_VIOL_CATEGORY,PCF_VIOLATION,PCF_VIOL_SUBSECTION,HIT_AND_RUN,TYPE_OF_COLLISION,MVIW,PED_ACTION,ROAD_SURFACE,ROAD_COND_1,ROAD_COND_2,LIGHTING,CONTROL_DEVICE,CHP_ROAD_TYPE,PEDESTRIAN_ACCIDENT,BICYCLE_ACCIDENT,MOTORCYCLE_ACCIDENT,TRUCK_ACCIDENT,NOT_PRIVATE_PROPERTY,ALCOHOL_INVOLVED,STWD_VEHTYPE_AT_FAULT,CHP_VEHTYPE_AT_FAULT,COUNT_SEVERE_INJ,COUNT_VISIBLE_INJ,COUNT_COMPLAINT_PAIN,COUNT_PED_KILLED,COUNT_PED_INJURED,COUNT_BICYCLIST_KILLED,COUNT_BICYCLIST_INJURED,COUNT_MC_KILLED,COUNT_MC_INJURED,PRIMARY_RAMP,SECONDARY_RAMP,LATITUDE,LONGITUDE,COUNTY,CITY,POINT_X,POINT_Y
9216546,2021,2021-03-19,2802,2021-01-05,1833,320532,0,2,5,5,2802,0,0,0,,0,,"CALISTOGA AV","JEFFERSON ST",29.00,E,N,A,-,N,,,,,,,,,,N,3,0,1,2,A,-,10,21950,A,N,G,B,B,A,H,-,C,D,0,Y,,,,Y,,A,01,0,1,0,0,1,0,0,0,0,"- ","- ",,,NAPA,NAPA,-122.29299163818359,38.299888610839844
9299773,2021,2021-09-02,2802,2021-07-18,1230,320541,37,7,5,5,2802,0,0,0,,0,01C,"3RD ST","3RD ST 1531",0.00,,N,A,-,N,,,,,,,,,,N,3,0,1,2,D,-,00,,,F,G,B,F,A,H,-,A,A,0,Y,,,,Y,,-,"- ",0,1,0,0,1,0,0,0,0,"- ","- ",,,NAPA,NAPA,-121.22445678710938,40.306499481201172
9312269,2021,2021-11-19,2802,2021-08-13,0722,320533,51,5,5,5,2802,0,0,0,,0,02B,"IMOLA AV","SHURTLEFF AV",0.00,,Y,A,-,N,,,,,,,,,,Y,4,0,1,3,A,-,09,21801,A,N,A,C,A,A,H,-,B,D,0,,,,,Y,,A,07,0,0,1,0,0,0,0,0,0,"- ","- ",,,NAPA,NAPA,-122.26370239257812,38.280006408691406
9314102,2021,2021-09-22,2802,2021-08-17,2118,320494,48,2,5,5,2802,0,0,0,,0,01B,"ARBOREO ST","ARBOREO ST 150",0.00,,N,A,-,N,,,,,,,,,,Y,3,0,2,2,B,-,22,,,N,A,E,A,A,H,-,C,D,0,,,,,Y,,A,01,0,1,1,0,0,0,0,0,0,"- ","- ",,,NAPA,NAPA,,
9247197,2021,2021-04-23,2801,2021-03-22,0113,204,5,1,5,2,2801,0,0,0,,0,,"GRANT ST","LAKE ST",413.00,E,N,A,-,N,,,,,,,,,,N,3,0,1,3,A,-,01,23152,A,N,C,E,A,A,H,-,D,-,0,,,,,Y,,A,01,0,1,0,0,0,0,0,0,0,"- ","- ",,,NAPA,CALISTOGA,-122.57957458496094,38.584056854248047
9379007,2021,2021-12-29,2802,2021-12-22,1741,320388,26,3,5,5,2802,0,0,0,,0,01A,"LINCOLN AV","MARIN ST",0.00,,Y,C,-,N,,,,,,,,,,Y,4,0,1,2,A,-,03,22350,,N,C,C,A,B,H,-,B,D,0,,,,,Y,,A,01,0,0,1,0,0,0,0,0,0,"- ","- ",,,NAPA,NAPA,-122.30033874511719,38.307582855224609
91459037,2021,2021-04-27,9325,2021-04-17,1323,022562,,6,1,9,2800,0,1,3,,1,031,SR-29,"YOUNT MILL RD",1373.00,S,N,A,-,Y,,,29,,,,,,,Y,4,0,1,3,A,-,08,22107,,N,E,I,A,A,H,-,A,D,0,,,,,Y,,E,22,0,0,1,0,0,0,0,0,0,"- ","- ",38.419158935546875,-122.38794708251953,NAPA,UNINCORPORATED,-122.38784790039062,38.419239044189453
91516562,2021,2021-08-16,9325,2021-06-26,2206,021081,,6,3,9,2800,0,3,5,,2,001,"OLD SONOMA RD","BUHMAN AVENUE",2640.00,S,N,A,-,N,,,,,,,,,,Y,3,0,5,3,A,-,01,23153,A,N,B,C,A,A,H,-,D,D,0,,,,,Y,Y,A,01,0,1,4,0,0,0,0,0,0,"- ","- ",38.264198303222656,-122.33458709716797,NAPA,UNINCORPORATED,-122.3348388671875,38.263439178466797
9240295,2021,2021-04-08,2802,2021-03-23,2008,320388,22,2,5,5,2802,0,0,0,,0,003,"ADRIAN ST","PUEBLO AV",300.00,S,N,A,-,N,,,,,,,,,,Y,4,0,1,2,A,-,08,22107,,N,C,E,A,A,H,-,C,D,0,,,,,Y,,A,01,0,0,1,0,0,0,0,0,0,"- ","- ",,,NAPA,NAPA,-122.2940673828125,38.315517425537109
91523026,2021,2021-07-19,9325,2021-07-03,0406,021425,,6,3,9,2800,0,1,3,,1,081,SR-121,"WOODEN VALLEY ROAD",2640.00,N,N,A,-,Y,,,121,,,,,,,Y,3,0,1,1,A,-,08,22107,,N,E,I,A,A,H,-,D,D,0,,,,,Y,Y,A,01,0,1,0,0,0,0,0,0,0,"- ","- ",38.382820129394531,-122.20018768310547,NAPA,UNINCORPORATED,-122.20018768310547,38.382820129394531
91537343,2021,2021-08-05,9325,2021-08-01,1510,021969,,7,2,9,2800,0,1,3,,1,011,"SR-29 N/B",SR-221,1056.00,S,N,A,-,Y,,,29,,,,,,N,N,4,0,1,2,A,-,03,22350,,N,C,C,A,A,H,-,A,D,0,,,,,Y,,A,07,0,0,1,0,0,0,0,0,0,"- ","- ",38.239181518554688,-122.26621246337891,NAPA,UNINCORPORATED,-122.26616668701172,38.239227294921875
9259508,2021,2021-05-19,2802,2021-05-08,1243,320488,22,6,5,5,2802,0,0,0,,0,003,"PUEBLO AV","JEFFERSON ST",0.00,,Y,A,-,N,,,,,,,,,,N,3,0,1,2,A,-,06,21750,,F,B,G,A,A,H,-,A,A,0,,Y,,,Y,,A,01,0,1,0,0,0,0,1,0,0,"- ","- ",,,NAPA,NAPA,-122.29784393310547,38.315681457519531
9318304,2021,2021-11-04,2802,2021-09-01,2142,320501,25,3,5,5,2802,0,0,0,,0,04A,"W LINCOLN AV","SOLANO AV",0.00,,Y,A,-,N,,,,,,,,,,N,3,0,1,2,A,-,09,21801,A,N,D,G,A,A,H,-,C,A,0,,Y,,,Y,,A,01,0,1,0,0,0,0,1,0,0,"- ","- ",,,NAPA,NAPA,-122.30632019042969,38.306529998779297
9349280,2021,2021-11-01,2802,2021-10-01,1514,320488,31,5,5,5,2802,0,0,0,,0,01A,"H ST","JEFFERSON ST",0.00,,Y,A,-,N,,,,,,,,,,N,3,0,1,2,A,-,05,21202,A,N,D,G,A,A,H,-,A,A,0,,Y,,,Y,,L,04,0,1,0,0,0,0,1,0,0,"- ","- ",,,NAPA,NAPA,-122.29534912109375,38.307022094726562
91406607,2021,2021-02-11,9325,2021-02-05,1540,021083,,5,2,9,2800,0,1,3,,2,071,"SR-121 S/B","OLD SONOMA RD",528.00,N,N,A,-,Y,,,121,,,,,,S,Y,4,0,2,2,A,-,03,22350,,N,C,C,A,A,H,-,A,D,0,,,,,Y,,A,01,0,0,2,0,0,0,0,0,0,"- ","- ",38.254978179931641,-122.33991241455078,NAPA,UNINCORPORATED,-122.33992767333984,38.254905700683594
91461159,2021,2021-04-29,9325,2021-04-22,2215,021449,,4,3,5,2802,0,1,3,,1,022,"STATE ROUTE 29 S/B TO FIRST STREET","FIRST STREET",466.00,E,N,A,-,Y,,,29,,,,R,,S,Y,4,0,2,1,A,-,08,22107,,N,E,I,A,A,H,-,C,D,0,,,,,Y,,A,01,0,0,2,0,0,0,0,0,0,"- ","- ",38.299049377441406,-122.30329132080078,NAPA,NAPA,-122.30329132080078,38.299049377441406
91574017,2021,2021-09-20,9325,2021-09-06,1225,015796,,1,1,5,2802,0,3,5,,2,005,SR-29,SR-121,1000.00,N,N,A,-,Y,,,,,,,,,,Y,4,0,1,3,A,-,03,22350,,N,C,C,A,A,H,-,A,D,0,,,,,Y,,A,08,0,0,1,0,0,0,0,0,0,"- ","- ",38.266761779785156,-122.29859161376953,NAPA,NAPA,-122.30086517333984,38.259902954101562
91575317,2021,2021-09-21,9325,2021-09-10,0745,021382,,5,1,9,2800,0,3,5,,2,002,"SOLANO AVE.","HOFFMAN LN.",800.00,N,N,A,-,N,,,,,,,,,,N,2,0,1,2,A,-,08,22107,,N,G,B,E,B,H,-,A,D,0,Y,,,,Y,,A,01,1,0,0,0,1,0,0,0,0,"- ","- ",38.867038726806641,-122.35099029541016,NAPA,UNINCORPORATED,-122.35118103027344,38.387332916259766
9219435,2021,2021-03-09,2802,2021-01-25,1603,320425,23,1,5,5,2802,0,0,0,,0,003,"PUEBLO AV","BEECHAM ST",0.00,,Y,A,-,N,,,,,,,,,,Y,3,0,2,2,A,-,08,22107,,N,D,C,A,A,H,-,A,D,0,,,,,Y,,I,09,0,1,1,0,0,0,0,0,0,"- ","- ",,,NAPA,NAPA,-122.28836822509766,38.317417144775391
91404208,2021,2021-02-08,9325,2021-01-24,1345,019659,,7,1,9,2800,0,2,4,,1,082,"BERRYESSA KNOXVILLE ROAD","REIFF ROAD",25344.00,S,N,C,-,N,,,,,,,,,,Y,3,0,1,1,A,-,03,22350,,N,F,A,A,B,H,-,A,D,0,,,,,Y,,D,22,0,1,0,0,0,0,0,0,0,"- ","- ",38.832149505615234,-122.36506652832031,NAPA,UNINCORPORATED,,
91428886,2021,2021-03-17,9325,2021-03-05,2315,021449,,5,3,9,2800,0,1,3,,1,044,"STATE ROUTE 29","TUBBS LANE",3062.00,N,N,B,C,Y,,,29,,,,,,,Y,3,0,1,1,A,-,08,22107,,N,E,I,A,B,H,-,D,D,0,,,,,Y,,D,22,0,1,0,0,0,0,0,0,0,"- ","- ",38.613719940185547,-122.59633636474609,NAPA,UNINCORPORATED,-122.59639739990234,38.613746643066406
91468810,2021,2021-05-10,9325,2021-04-23,1554,021083,,5,2,5,2802,0,1,3,,1,022,"SOUTHBOUND SR-29","FIRST STREET",528.00,S,N,A,-,Y,,,29,,,,,,,Y,3,0,1,1,A,-,01,23152,A,N,F,I,A,A,H,-,A,D,0,,,,,Y,Y,A,07,0,1,0,0,0,0,0,0,0,"- ","- ",38.296440124511719,-122.30219268798828,NAPA,NAPA,-122.3018798828125,38.296474456787109
91495884,2021,2021-06-14,9325,2021-06-04,1325,022560,,5,1,9,2800,0,3,5,,2,003,"DRY CREEK RD","WALL RD",350.00,W,N,A,-,N,,,,,,,,,,Y,3,0,1,1,A,-,08,22107,,N,E,I,A,A,H,-,A,D,0,,,,,Y,,D,22,0,1,0,0,0,0,0,0,0,"- ","- ",38.407150268554688,-122.47203063964844,NAPA,UNINCORPORATED,-122.47216033935547,38.407459259033203
9349719,2021,2021-11-23,2802,2021-10-02,2259,320363,37,6,5,5,2802,0,0,0,,0,01C,"2ND ST","FRANKLIN ST",0.00,,Y,A,-,N,,,,,,,,,,Y,4,0,2,3,A,-,01,23152,A,N,D,C,A,A,H,-,C,A,0,,,,,Y,Y,A,01,0,0,2,0,0,0,0,0,0,"- ","- ",,,NAPA,NAPA,-122.28810119628906,38.296924591064453
91500601,2021,2021-06-18,9325,2021-06-06,1630,021605,,7,2,9,2800,0,2,4,,2,032,"SILVERADO TRAIL","YOUNTVILLE CROSS RD",150.00,N,N,A,-,N,,,,,,,,,,Y,3,0,3,1,A,-,01,23152,A,N,E,I,A,A,H,-,A,D,0,,,,,Y,Y,A,01,0,1,2,0,0,0,0,0,0,"- ","- ",38.427581787109375,-122.34120178222656,NAPA,UNINCORPORATED,-122.34149169921875,38.427989959716797
9285258,2021,2021-07-20,2803,2021-06-14,1055,89,,1,5,2,2803,0,0,0,,0,,"MAIN ST","CRINELLA AV",110.00,N,N,A,-,Y,NAP,4,29,-,-,29.070,H,-,N,Y,3,0,1,2,A,-,03,22350,,N,D,D,A,A,H,-,A,D,0,,,,Y,Y,,A,01,0,1,0,0,0,0,0,0,0,"- ","- ",38.508251190185547,-122.47490692138672,NAPA,"SAINT HELENA",-122.47504425048828,38.508037567138672
91405108,2021,2021-02-09,9325,2021-02-03,1605,022538,,3,2,9,2800,0,1,3,,1,031,"SR-29 S/B","WHITEHALL LN",800.00,S,N,B,-,Y,,,29,,,,,,S,Y,3,0,2,2,A,-,03,22350,,N,C,C,A,B,H,-,A,D,0,,,,,Y,,D,22,0,2,0,0,0,0,0,0,0,"- ","- ",38.474689483642578,-122.43437194824219,NAPA,UNINCORPORATED,-122.43437957763672,38.474681854248047
91573242,2021,2021-09-17,9325,2021-09-07,0430,019847,,2,3,9,2800,0,3,5,,2,001,SR-29,"IMOLA AVENUE",100.00,N,N,A,-,Y,,,,,,,,,,Y,4,0,1,2,A,-,03,22350,,N,B,C,A,A,H,-,A,A,0,,,,,Y,,A,01,0,0,1,0,0,0,0,0,0,"- ","- ",38.282318115234375,-122.300537109375,NAPA,UNINCORPORATED,-122.30014038085938,38.281932830810547
9319894,2021,2021-09-16,2802,2021-08-26,0616,320344,74,4,5,5,2802,0,0,0,,0,04B,"RT 12","RT 29",150.00,W,N,A,-,Y,NAP,4,121,-,R,4.430,H,-,N,N,4,0,1,2,A,-,03,22350,,N,C,C,A,A,H,-,A,A,0,,,,,Y,,D,22,0,0,1,0,0,0,0,0,0,"- ","- ",,,NAPA,NAPA,-122.30381011962891,38.257884979248047
9391394,2021,2022-01-31,2801,2021-11-28,1309,199,4,7,5,2,2801,0,0,0,,0,,"RT 128","PETRIFIED FOREST RD",0.00,,Y,A,-,Y,NAP,4,128,-,-,3.610,H,-,E,N,4,0,2,2,A,-,03,22350,,N,C,C,A,A,H,-,A,A,0,,,Y,,Y,,D,22,0,0,2,0,0,0,0,0,1,"- ","- ",,,NAPA,CALISTOGA,-122.59638977050781,38.581352233886719
91521203,2021,2021-07-15,9325,2021-07-08,1515,020615,,4,2,9,2800,0,3,5,,2,002,SR-29,"WASHINGTON STREET",0.00,,Y,A,-,Y,,,29,,,,,,,Y,2,0,3,2,A,-,09,21801,A,N,D,C,A,A,H,-,A,A,0,,,,,Y,,A,01,1,2,0,0,0,0,0,0,0,"- ","- ",38.385700225830078,-122.34922790527344,NAPA,UNINCORPORATED,-122.3492431640625,38.385692596435547
91408837,2021,2021-06-08,9325,2021-02-07,2210,022560,,7,3,9,2800,0,1,3,,1,080,"SR-128 E/B","WRAGG CANYON RD",7920.00,E,N,B,-,Y,,,128,,,,,,E,Y,2,0,2,1,A,-,03,22350,,N,E,I,A,A,H,-,D,D,0,,,,,Y,,A,01,1,1,0,0,0,0,0,0,0,"- ","- ",38.466499328613281,-122.14669799804688,NAPA,UNINCORPORATED,-122.14701843261719,38.466564178466797
91420164,2021,2021-05-27,9365,2021-02-27,1845,021127,,6,2,2,2805,0,2,4,,1,032,"AMERICAN CANYON ROAD","VIA FIRENZE",4556.00,N,N,A,-,N,,,,,,,,,,Y,3,0,1,2,A,-,01,23152,A,N,B,C,A,A,H,-,D,D,0,,,,,Y,Y,A,01,0,1,0,0,0,0,0,0,0,"- ","- ",38.162910461425781,-122.22023773193359,NAPA,"AMERICAN CANYON",-122.23615264892578,38.164211273193359
9285110,2021,2021-06-28,2802,2021-06-03,1212,320532,45,4,5,5,2802,0,0,0,,0,02B,"DAVIS AV","HENNESSY DR",15.00,,N,A,-,N,,,,,,,,,,Y,3,0,2,2,A,-,09,21800,A,N,D,C,A,A,H,-,A,D,0,,,,,Y,,A,01,0,1,1,0,0,0,0,0,0,"- ","- ",,,NAPA,NAPA,-122.27423095703125,38.297824859619141
91476223,2021,2021-05-27,9325,2021-05-10,0600,015674,,1,1,9,2800,0,1,3,,1,022,SR29,"CALIFORNIA DR.",1056.00,S,N,A,-,Y,,,29,,,,,,,Y,4,0,2,2,A,-,03,22350,,N,C,C,A,A,H,-,A,D,0,,,,,Y,,A,01,0,0,2,0,0,0,0,0,0,"- ","- ",38.395320892333984,-122.35633850097656,NAPA,UNINCORPORATED,-122.35635375976562,38.395301818847656
91497147,2021,2021-06-15,9325,2021-06-12,1958,021605,,6,2,9,2800,0,1,3,,1,013,SR-221,"NAPA VALLEY CORPORATE WAY",55.00,N,N,A,-,Y,,,221,,,,,,,N,4,0,1,2,A,-,01,23152,A,N,B,C,A,A,H,-,A,A,0,,,,,Y,Y,A,07,0,0,1,0,0,0,0,0,0,"- ","- ",38.250469207763672,-122.27082061767578,NAPA,UNINCORPORATED,-122.27083587646484,38.250465393066406
91518646,2021,2021-07-13,9325,2021-07-01,0640,021382,,4,1,9,2800,0,1,3,,1,041,SR-29,"AZALEA SPRINGS WAY",0.00,,Y,B,-,Y,,,29,,,,,,,Y,4,0,4,4,A,-,03,22350,,N,C,C,A,A,H,-,A,D,0,,,,,Y,,A,07,0,0,4,0,0,0,0,0,0,"- ","- ",38.564029693603516,-122.55124664306641,NAPA,UNINCORPORATED,-122.55125427246094,38.564010620117188
91671033,2021,2022-01-05,9325,2021-11-05,2201,019847,,5,3,9,2800,0,1,S,,2,040,"TRANCAS STREET","SILVERADO TRAIL",150.00,W,N,A,-,Y,,,,,,,,,,N,1,1,0,2,A,-,11,21954,A,N,G,B,D,A,H,-,D,D,0,Y,,,,Y,,N,60,0,0,0,1,0,0,0,0,0,"- ","- ",38.325069427490234,-122.27925872802734,NAPA,UNINCORPORATED,-122.27476501464844,38.325527191162109
9388674,2021,2022-01-14,2802,2021-12-26,1530,320543,23,7,5,5,2802,0,0,0,,0,003,"LA HOMA DR","SOSCOL AV",0.00,,Y,B,-,N,,,,,,,,,,Y,4,0,2,2,A,-,08,22107,,N,D,C,A,B,H,-,B,A,0,,,,,Y,,A,01,0,0,2,0,0,0,0,0,0,"- ","- ",,,NAPA,NAPA,-122.28530883789062,38.320884704589844
9246478,2021,2021-04-09,2802,2021-03-13,1939,320497,26,6,5,5,2802,0,0,0,,0,01A,"JEFFERSON ST","MENLO AV",300.00,N,N,A,-,N,,,,,,,,,,Y,3,0,1,1,A,-,08,22107,,N,E,I,A,A,H,-,C,A,0,,,,,Y,,A,01,0,1,0,0,0,0,0,0,0,"- ","- ",,,NAPA,NAPA,-122.29751586914062,38.314502716064453
9299854,2021,2021-09-01,2802,2021-07-25,1719,320488,50,7,5,5,2802,0,0,0,,0,02B,"SILVERADO TRL","SOSCOL AV",0.00,,Y,A,-,Y,NAP,4,121,-,-,6.554,I,5,S,Y,3,0,2,2,A,-,12,21453,A,N,D,C,A,A,H,-,A,A,0,,,,,Y,,A,01,0,1,1,0,0,0,0,0,0,"- ","- ",,,NAPA,NAPA,-122.27522277832031,38.288227081298828
9320260,2021,2023-06-17,2802,2021-03-19,1606,320337,2,5,5,5,2802,0,0,0,,0,003,"SALVADOR AV","JEFFERSON ST",211.00,W,N,A,-,N,,,,,,,,,,Y,1,1,0,1,A,-,08,22107,,N,E,I,A,A,H,-,A,A,0,,,Y,,Y,Y,C,02,0,0,0,0,0,0,0,1,0,"- ","- ",,,NAPA,NAPA,-122.31644439697266,38.342185974121094
91404502,2021,2021-02-08,9325,2021-02-01,1025,014728,,1,1,9,2800,0,2,4,,1,023,"SILVERADO TRAIL","HARDMAN AVE.",2904.00,S,N,A,-,N,,,,,,,,,,Y,4,0,1,2,A,-,03,22350,,N,C,C,A,A,H,-,A,D,0,,,,,Y,,D,22,0,0,1,0,0,0,0,0,0,"- ","- ",38.336471557617188,-122.28177642822266,NAPA,UNINCORPORATED,-122.28180694580078,38.336601257324219
91497392,2021,2021-06-15,9325,2021-06-06,0445,021449,,7,3,9,2800,0,3,5,,2,004,"CLARK WAY","EDGEWOOD PL.",47.00,E,N,A,-,N,,,,,,,,,,Y,3,0,1,1,A,-,08,22107,,N,E,I,A,A,F,H,D,D,0,,,,,Y,,A,08,0,1,0,0,0,0,0,0,0,"- ","- ",38.575969696044922,-122.44226837158203,NAPA,UNINCORPORATED,-122.44223022460938,38.576000213623047
91502791,2021,2021-06-22,9325,2021-06-12,1232,021969,,6,1,9,2800,0,2,4,,2,032,"SILVERADO TRAIL","ZINFANDEL LN",2112.00,S,N,A,-,N,,,,,,,,,,Y,4,0,1,2,A,-,03,22350,,N,C,C,A,A,H,-,A,D,0,,,,,Y,,A,01,0,0,1,0,0,0,0,0,0,"- ","- ",38.493549346923828,-122.41957092285156,NAPA,UNINCORPORATED,-122.41893768310547,38.493232727050781
91547014,2021,2021-08-17,9325,2021-08-03,0950,015674,,2,1,9,2800,0,1,3,,1,011,SR29,SR12,2112.00,S,N,A,-,Y,,,29,,,,,,,Y,4,0,1,3,A,-,03,22350,,N,C,C,A,A,H,-,A,D,0,,,,,Y,,A,01,0,0,1,0,0,0,0,0,0,"- ","- ",38.216220855712891,-122.25685882568359,NAPA,UNINCORPORATED,-122.25690460205078,38.216213226318359
91427192,2021,2021-03-15,9325,2021-02-24,1345,022538,,3,1,9,2800,0,1,3,,1,044,SR-29,"OLD LAWLEY TOLL RD",17952.00,N,N,A,-,Y,,,29,,,,,,,Y,2,0,1,1,A,-,01,23152,F,N,E,I,A,A,H,-,A,D,0,,,,,Y,,A,01,1,0,0,0,0,0,0,0,0,"- ","- ",38.393798828125,-122.35430145263672,NAPA,UNINCORPORATED,-122.35459899902344,38.393566131591797
9245539,2021,2021-04-07,2803,2021-03-06,1304,32,,6,5,2,2803,0,0,0,,0,,"RT 29","VINTAGE AV",344.00,S,N,A,-,Y,NAP,4,29,-,-,27.750,H,-,N,N,3,0,2,2,A,-,04,21703,,N,C,C,A,A,H,-,A,D,0,,,,,Y,,A,01,0,2,0,0,0,0,0,0,0,"- ","- ",38.495399475097656,-122.45762634277344,NAPA,"SAINT HELENA",-122.45742034912109,38.495254516601562
91573143,2021,2021-09-17,9325,2021-09-04,2055,021449,,6,2,9,2800,0,1,3,,1,012,"STATE ROUTE 12","KIRKLAND RANCH ROAD",3168.00,E,N,A,-,N,,,12,,,,,,,Y,3,0,1,1,A,-,08,22107,,N,E,I,A,A,H,-,D,D,0,,,,,Y,,A,01,0,1,0,0,0,0,0,0,0,"- ","- ",38.212810516357422,-122.21266174316406,NAPA,UNINCORPORATED,-122.21263122558594,38.212894439697266
91576697,2021,2021-09-22,9325,2021-09-15,1545,019411,,3,2,9,2800,0,1,3,,1,044,SR-29,"LIVERMORE RD",1056.00,S,N,A,-,Y,,,29,,,,,,,Y,3,0,1,2,A,-,08,22107,,N,B,C,A,A,H,-,A,D,0,,,,,Y,,A,01,0,1,0,0,0,0,0,0,0,"- ","- ",38.6693115234375,-122.58866882324219,NAPA,UNINCORPORATED,-122.58869171142578,38.669277191162109
9259507,2021,2021-05-19,2802,2021-05-02,1201,320488,31,7,5,5,2802,0,0,0,,0,01A,"JEFFERSON ST","E ST",10.00,N,N,A,-,N,,,,,,,,,,N,4,0,1,2,A,-,01,23152,A,N,C,C,A,A,H,-,A,A,0,,,,,Y,Y,A,01,0,0,1,0,0,0,0,0,0,"- ","- ",,,NAPA,NAPA,-122.29463958740234,38.304645538330078
9314138,2021,2021-09-17,2802,2021-08-14,2021,320488,30,6,5,5,2802,0,0,0,,0,01A,"G ST","GEORGE ST",0.00,,Y,A,-,N,,,,,,,,,,N,3,0,1,2,A,-,12,22450,A,N,D,G,A,A,H,-,C,A,0,,Y,,,Y,,L,04,0,1,0,0,0,0,1,0,0,"- ","- ",,,NAPA,NAPA,,
91507854,2021,2021-06-28,9325,2021-06-19,2315,021449,,6,3,9,2800,0,3,5,,2,004,"WHITE COTTAGE RD.","WEST LN",845.00,N,N,A,-,N,,,,,,,,,,Y,4,0,1,1,A,-,08,22107,,N,E,I,A,A,H,-,D,D,0,,,,,Y,,A,01,0,0,1,0,0,0,0,0,0,"- ","- ",38.566921234130859,-122.45883178710938,NAPA,UNINCORPORATED,-122.45883941650391,38.566848754882812
91598698,2021,2021-10-18,9325,2021-05-07,2100,021896,,5,2,9,2800,0,1,S,,2,024,SR-29,"WASHINGTON ST",550.00,S,N,A,-,Y,,,29,,,,,,,Y,1,1,3,2,A,-,01,23152,A,N,A,C,A,A,H,-,D,D,0,,,,,Y,Y,A,01,1,0,2,0,0,0,0,0,0,"- ","- ",38.410888671875,-122.38050842285156,NAPA,UNINCORPORATED,-122.38052368164062,38.410861968994141
91425530,2021,2021-05-27,9365,2021-03-10,0526,019195,,3,3,9,2800,0,2,4,,1,032,"AMERICAN CANYON ROAD","CANYON RD",168.00,E,N,B,-,N,,,,,,,,,,Y,3,0,1,2,A,-,08,22107,,N,D,D,A,B,H,-,D,D,0,,,,,Y,,A,01,0,1,0,0,0,0,0,0,0,"- ","- ",38.166179656982422,-122.21193695068359,NAPA,UNINCORPORATED,-122.21124267578125,38.165584564208984
9269867,2021,2021-06-16,2802,2021-05-03,1510,320531,31,1,5,5,2802,0,0,0,,0,01A,"JEFFERSON ST","HAYES ST",0.00,,Y,A,-,N,,,,,,,,,,Y,4,0,1,2,A,-,09,21801,A,N,D,D,A,A,H,-,A,A,0,,,,,Y,,A,01,0,0,1,0,0,0,0,0,0,"- ","- ",,,NAPA,NAPA,-122.29462432861328,38.304622650146484
9353564,2021,2021-11-06,2802,2021-10-19,2059,199,28,2,5,5,2802,0,0,0,,0,003,"LINCOLN AV","SOSCOL AV",0.00,,Y,B,-,N,,,,,,,,,,N,4,0,1,2,D,-,00,,,M,G,B,B,B,H,-,C,A,0,Y,,,,Y,Y,-,"- ",0,0,1,0,1,0,0,0,0,"- ","- ",,,NAPA,NAPA,-122.28525543212891,38.310245513916016
91548989,2021,2021-08-19,9325,2021-08-07,1145,021382,,6,1,9,2800,0,3,5,,1,008,"BUTTS CANYON RD","SNELL VALLEY RD",4752.00,S,N,A,-,N,,,,,,,,,,Y,2,0,1,1,A,-,08,22107,,N,E,I,A,A,H,-,A,D,0,,,Y,,Y,,C,02,1,0,0,0,0,0,0,0,1,"- ","- ",38.683181762695312,-122.44573974609375,NAPA,UNINCORPORATED,-122.44574737548828,38.682998657226562