CASE_ID,ACCIDENT_YEAR,PROC_DATE,JURIS,COLLISION_DATE,COLLISION_TIME,OFFICER_ID,REPORTING_DISTRICT,DAY_OF_WEEK,CHP_SHIFT,POPULATION,CNTY_CITY_LOC,SPECIAL_COND,BEAT_TYPE,CHP_BEAT_TYPE,CITY_DIVISION_LAPD,CHP_BEAT_CLASS,BEAT_NUMBER,PRIMARY_RD,SECONDARY_RD,DISTANCE,DIRECTION,INTERSECTION,WEATHER_1,WEATHER_2,STATE_HWY_IND,CALTRANS_COUNTY,CALTRANS_DISTRICT,STATE_ROUTE,ROUTE_SUFFIX,POSTMILE_PREFIX,POSTMILE,LOCATION_TYPE,RAMP_INTERSECTION,SIDE_OF_HWY,TOW_AWAY,COLLISION_SEVERITY,NUMBER_KILLED,NUMBER_INJURED,PARTY_COUNT,PRIMARY_COLL_FACTOR,PCF_CODE_OF_VIOL,PCF_VIOL_CATEGORY,PCF_VIOLATION,PCF_VIOL_SUBSECTION,HIT_AND_RUN,TYPE_OF_COLLISION,MVIW,PED_ACTION,ROAD_SURFACE,ROAD_COND_1,ROAD_COND_2,LIGHTING,CONTROL_DEVICE,CHP_ROAD_TYPE,PEDESTRIAN_ACCIDENT,BICYCLE_ACCIDENT,MOTORCYCLE_ACCIDENT,TRUCK_ACCIDENT,NOT_PRIVATE_PROPERTY,ALCOHOL_INVOLVED,STWD_VEHTYPE_AT_FAULT,CHP_VEHTYPE_AT_FAULT,COUNT_SEVERE_INJ,COUNT_VISIBLE_INJ,COUNT_COMPLAINT_PAIN,COUNT_PED_KILLED,COUNT_PED_INJURED,COUNT_BICYCLIST_KILLED,COUNT_BICYCLIST_INJURED,COUNT_MC_KILLED,COUNT_MC_INJURED,PRIMARY_RAMP,SECONDARY_RAMP,LATITUDE,LONGITUDE,COUNTY,CITY,POINT_X,POINT_Y
9221837,2021,2021-03-10,2803,2021-02-03,1207,28,,3,5,2,2803,0,0,0,,0,,"GRAYSON AV","RT 29",123.00,,N,C,-,Y,NAP,4,29,-,-,28.090,I,6,S,N,3,0,1,2,A,-,06,21755,,N,G,B,D,-,H,-,A,D,0,Y,,,,Y,,A,01,0,1,0,0,1,0,0,0,0,"- ","- ",38.498661041259766,-122.46135711669922,NAPA,"SAINT HELENA",-122.46166229248047,38.498966217041016
9221994,2021,2021-03-15,2800,2021-02-20,2030,250457,10201,6,5,2,2805,0,0,0,,0,001,"W AMERICAN CANYON RD","WETLANDS EDGE RD",0.00,W,N,A,-,N,,,,,,,,,,Y,4,0,2,2,A,-,01,23152,A,F,B,C,A,A,H,-,C,A,0,,,,,Y,Y,A,01,0,0,2,0,0,0,0,0,0,"- ","- ",,,NAPA,"AMERICAN CANYON",-122.26846313476562,38.165885925292969
9379003,2021,2022-01-03,2802,2021-12-10,2206,320494,3,5,5,5,2802,0,0,0,,0,003,"RT 29","WINE COUNTRY AV",0.00,,Y,A,-,Y,NAP,4,29,-,-,14.340,H,-,S,Y,4,0,2,2,-,-,"- ",,,N,C,C,A,A,H,-,C,A,0,,,,,Y,,-,"- ",0,0,2,0,0,0,0,0,0,"- ","- ",,,NAPA,NAPA,-122.32196807861328,38.336360931396484
91399977,2021,2021-02-01,9325,2021-01-21,1300,021382,,4,1,2,2804,0,1,3,,1,022,SR-29,"MADISON ST.",0.00,,Y,A,-,Y,,,29,,,,,,,Y,4,0,2,2,A,-,12,21453,A,N,D,C,A,A,H,-,A,A,0,,,,Y,Y,,G,25,0,0,2,0,0,0,0,0,0,"- ","- ",38.406051635742188,-122.36869049072266,NAPA,YOUNTVILLE,-122.36866760253906,38.406074523925781
91486423,2021,2021-06-03,9325,2021-05-25,1515,017559,,2,2,9,2800,0,1,3,,1,011,"SR-29 N/B",SR-12,10.00,S,N,A,-,Y,,,29,,,,,,N,Y,4,0,1,2,A,-,03,22350,,N,C,C,A,A,H,-,A,A,0,,,,,Y,,A,01,0,0,1,0,0,0,0,0,0,"- ","- ",38.223281860351562,-122.25800323486328,NAPA,UNINCORPORATED,-122.25779724121094,38.223293304443359
91515630,2021,2021-07-08,9325,2021-06-30,1445,017478,,3,2,9,2800,0,2,4,,2,032,"SILVERADO TRAIL","TAPLIN RD",60.00,N,N,A,-,Y,,,,,,,,,,Y,3,0,1,1,A,-,08,22107,,N,E,8,A,A,H,-,A,D,0,,,,,Y,,A,01,0,1,0,0,0,0,0,0,0,"- ","- ",38.501571655273438,-122.43206787109375,NAPA,UNINCORPORATED,-122.43191528320312,38.501358032226562
91535801,2021,2021-08-03,9325,2021-07-25,2310,021425,,7,3,9,2800,0,1,3,,1,021,"MONTICELLO AVE","VICHY AVE",3168.00,N,N,A,-,Y,,,,,,,,,,Y,3,0,1,1,A,-,01,23152,A,N,E,I,A,A,H,-,D,D,0,,,,,Y,Y,A,01,0,1,0,0,0,0,0,0,0,"- ","- ",38.344898223876953,-122.25174713134766,NAPA,UNINCORPORATED,-122.25213623046875,38.344657897949219
91383993,2021,2021-01-08,9325,2021-01-03,1735,022560,,7,2,5,2802,0,1,3,,1,022,"SR-29 S/B","FIRST ST OVPS",1163.00,S,N,B,-,Y,,,29,,,,,,S,Y,4,0,1,2,A,-,01,23152,A,N,C,C,A,A,H,-,B,D,0,,,,,Y,Y,A,01,0,0,1,0,0,0,0,0,0,"- ","- ",38.292591094970703,-122.30219268798828,NAPA,NAPA,-122.30225372314453,38.292591094970703
9221433,2021,2021-02-12,2800,2021-01-21,1513,250226,10201,4,5,2,2805,0,0,0,,0,001,BROADWAY,"KIMBERLY DR",138.00,N,N,A,-,Y,NAP,4,29,-,-,0.250,H,-,N,Y,4,0,1,2,A,-,09,21801,A,N,C,C,A,A,H,-,A,D,0,,,,,Y,,A,01,0,0,1,0,0,0,0,0,0,"- ","- ",,,NAPA,"AMERICAN CANYON",-122.25323486328125,38.158931732177734
9224103,2021,2021-03-26,2800,2021-02-02,0618,250421,20209,2,5,2,2805,0,0,0,,0,002,"AMERICAN CANYON RD","SILVER OAK TRL",0.00,,Y,C,-,N,,,,,,,,,,N,4,0,2,2,D,-,00,,,M,D,C,A,B,H,-,C,A,0,,,,,Y,,-,"- ",0,0,2,0,0,0,0,0,0,"- ","- ",,,NAPA,"AMERICAN CANYON",-122.25025177001953,38.16552734375
9270431,2021,2021-06-07,2802,2021-05-14,1855,320488,5,5,5,5,2802,0,0,0,,0,04A,"SOLANO AV","WINE COUNTRY AV",0.00,,Y,A,-,N,,,,,,,,,,N,3,0,1,2,D,-,00,,,N,G,B,B,A,H,-,A,A,0,Y,,,,Y,,-,"- ",0,1,0,0,1,0,0,0,0,"- ","- ",,,NAPA,NAPA,-122.32224273681641,38.335975646972656
9350352,2021,2021-10-21,2802,2021-09-16,1508,320488,3,4,5,5,2802,0,0,0,,0,003,"JEFFERSON ST","SALVADOR AV",0.00,,Y,A,-,N,,,,,,,,,,Y,4,0,1,2,A,-,09,21801,A,N,D,C,A,A,H,-,A,A,0,,,,,Y,,A,01,0,0,1,0,0,0,0,0,0,"- ","- ",,,NAPA,NAPA,-122.31575775146484,38.342403411865234
91663779,2021,2021-12-28,9730,2021-12-25,1647,020916,,6,2,9,2800,0,1,2,,1,030,"US-101 SOUTHBOUND","SOLEDAD PRISON ROAD",400.00,N,N,C,-,Y,,,,,,,,,,Y,4,0,2,1,A,-,03,22350,,N,E,I,A,B,H,-,D,D,0,,,,,Y,,A,01,0,0,2,0,0,0,0,0,0,"- ","- ",36.467201232910156,-121.39230346679688,NAPA,UNINCORPORATED,-121.38895416259766,36.465435028076172
91468981,2021,2021-05-10,9325,2021-04-29,0907,015674,,4,1,9,2800,0,1,3,,1,031,SR29,"WHITEHALL LN",0.00,,Y,A,-,Y,,,29,,,,,,,Y,3,0,1,2,A,-,09,21802,A,N,D,C,A,A,H,-,A,A,0,,,,,Y,,A,01,0,1,0,0,0,0,0,0,0,"- ","- ",38.477249145507812,-122.43634796142578,NAPA,UNINCORPORATED,-122.43630981445312,38.477294921875
91641791,2021,2021-12-03,9325,2021-11-25,2015,017559,,4,2,9,2800,0,1,3,,1,011,SR-29,SR-221,367.00,S,N,A,-,Y,,,29,,,,,,,Y,3,0,1,2,A,-,03,22350,,N,C,C,A,A,H,-,C,D,0,,,,,Y,,A,07,0,1,0,0,0,0,0,0,0,"- ","- ",38.240428924560547,-122.26802825927734,NAPA,UNINCORPORATED,-122.26797485351562,38.240501403808594
9290681,2021,2021-08-25,2802,2021-07-10,1516,320488,36,6,5,5,2802,0,0,0,,0,01A,"BROWN ST","VALLEJO ST",0.00,,Y,A,-,N,,,,,,,,,,Y,3,0,3,2,A,-,09,21802,A,N,D,C,A,A,H,-,A,A,0,,,,,Y,Y,A,07,0,2,1,0,0,0,0,0,0,"- ","- ",,,NAPA,NAPA,-122.28974914550781,38.302921295166016
9355856,2021,2021-11-10,2802,2021-10-12,1819,320388,27,2,5,5,2802,0,0,0,,0,01A,"LINCOLN AV","MAIN ST",0.00,,Y,A,-,N,,,,,,,,,,N,4,0,1,2,D,-,00,,,N,H,G,A,A,H,-,A,A,0,,Y,,,Y,,-,"- ",0,0,1,0,0,0,1,0,0,"- ","- ",,,NAPA,NAPA,-122.29328918457031,38.308841705322266
9359612,2021,2021-11-15,2802,2021-11-03,2317,320344,58,3,5,5,2802,0,0,0,,0,04A,"RT 29","TROWER AV",0.00,,Y,A,-,Y,NAP,4,29,-,-,13.860,I,5,S,Y,3,0,2,2,A,-,12,21453,A,F,B,C,A,A,H,-,C,A,0,,,,,Y,,A,01,0,1,1,0,0,0,0,0,0,"- ","- ",,,NAPA,NAPA,-122.31716156005859,38.330486297607422
91611837,2021,2021-11-01,9325,2021-10-16,0915,021005,,6,1,9,2800,0,1,3,,1,044,"STATE ROUTE 29","OLD LAWLEY TOLL RD",2640.00,N,N,A,-,Y,,,29,,,,,,,Y,4,0,1,2,A,-,07,21658,A,M,B,A,A,A,H,-,A,B,0,,,,,Y,,-,99,0,0,1,0,0,0,0,0,0,"- ","- ",38.614109039306641,-122.59684753417969,NAPA,UNINCORPORATED,-122.59675598144531,38.614307403564453
9379340,2021,2022-01-18,2802,2021-12-23,1233,185,58,4,5,5,2802,0,0,0,,0,04A,"RT 29","RT 121",20.00,S,N,C,-,Y,NAP,4,29,-,R,8.640,H,-,N,Y,4,0,2,2,A,-,03,22350,,N,C,C,A,B,H,-,A,A,0,,,,,Y,,A,01,0,0,2,0,0,0,0,0,0,"- ","- ",,,NAPA,NAPA,-122.30274200439453,38.257282257080078
9385063,2021,2022-01-12,2802,2021-12-04,1259,320137,6,6,5,5,2802,0,0,0,,0,003,"GLACIER DR","WISE DR",0.00,,Y,B,-,N,,,,,,,,,,Y,3,0,1,3,A,-,00,2800,2,F,E,I,A,A,H,-,A,D,0,,,,,Y,,A,07,0,1,0,0,0,0,0,0,0,"- ","- ",,,NAPA,NAPA,-122.31015014648438,38.333221435546875
91474452,2021,2021-05-17,9325,2021-05-07,1545,021005,,5,2,9,2800,0,3,5,,2,004,"SILVERADO TRAIL","LODI LN",0.00,,Y,A,-,N,,,,,,,,,,Y,4,0,2,4,A,-,09,21804,A,N,D,C,A,A,H,-,A,D,0,,,,,Y,,A,01,0,0,2,0,0,0,0,0,0,"- ","- ",38.528690338134766,-122.48883819580078,NAPA,UNINCORPORATED,-122.48886871337891,38.528728485107422
91479452,2021,2021-05-27,9325,2021-05-22,1845,021605,,6,2,9,2800,0,3,5,,2,007,"OLD SONOMA ROAD","BUHMAN AVE",528.00,N,N,A,-,N,,,,,,,,,,Y,3,0,1,1,A,-,01,23152,A,N,E,I,A,A,H,-,A,D,0,,,,,Y,Y,A,01,0,1,0,0,0,0,0,0,0,"- ","- ",38.271991729736328,-122.33026885986328,NAPA,UNINCORPORATED,-122.33059692382812,38.271434783935547
91509595,2021,2021-06-30,9325,2021-06-24,0653,020829,,4,1,9,2800,0,1,3,,1,041,"SR-29 S/B","BALE LANE",1196.00,S,N,A,-,Y,,,29,,,,,,S,Y,4,0,1,2,A,-,03,22350,,N,C,C,A,A,H,-,A,D,0,,,,,Y,,A,01,0,0,1,0,0,0,0,0,0,"- ","- ",38.548511505126953,-122.51219940185547,NAPA,UNINCORPORATED,-122.51217651367188,38.548542022705078
91434311,2021,2021-03-24,9325,2021-03-11,0618,020829,,4,1,9,2800,0,1,3,,1,011,"N/B SR-29","SOSCOL FERRY ROAD",1205.00,S,N,A,-,Y,,,29,,,,,,,Y,3,0,2,3,A,-,03,22350,,N,C,C,A,B,H,-,A,D,0,,,,,Y,,D,22,0,1,1,0,0,0,0,0,0,"- ","- ",38.239051818847656,-122.26605224609375,NAPA,UNINCORPORATED,-122.26601409912109,38.239089965820312
9354904,2021,2021-11-16,2802,2021-10-05,1513,320425,47,2,5,5,2802,0,0,0,,0,01B,"W IMOLA AV","HUNT ST",0.00,,Y,A,-,N,,,,,,,,,,Y,4,0,2,2,A,-,03,22350,,N,C,C,A,A,H,-,A,A,0,,,,,Y,,A,01,0,0,2,0,0,0,0,0,0,"- ","- ",,,NAPA,NAPA,-122.29842376708984,38.282032012939453
91427238,2021,2021-03-15,9325,2021-02-25,1700,021382,,4,2,9,2800,0,2,4,,2,032,"SILVERADO TRAIL","GLASS MOUNTAIN RD.",0.00,,Y,A,-,N,,,,,,,,,,Y,4,0,2,2,A,-,09,21801,A,N,D,C,A,A,H,-,A,D,0,,,,,Y,,A,01,0,0,2,0,0,0,0,0,0,"- ","- ",38.535469055175781,-122.49038696289062,NAPA,UNINCORPORATED,-122.49034881591797,38.535388946533203
91437991,2021,2021-03-29,9325,2021-03-17,1200,018900,,3,1,9,2800,0,2,4,,1,023,"SILVERADO TRAIL","OAKKNOLL AVE",5280.00,N,N,A,-,N,,,,,,,,,,Y,4,0,1,3,A,-,03,22350,,N,C,C,A,A,D,-,A,A,0,,,,Y,Y,,D,22,0,0,1,0,0,0,0,0,0,"- ","- ",38.380561828613281,-122.31033325195312,NAPA,UNINCORPORATED,-122.31135559082031,38.381908416748047
91439220,2021,2021-03-30,9325,2021-03-25,1825,017559,,4,2,9,2800,0,1,3,,1,011,"SR-29 N/B",SR-221,730.00,S,N,A,-,Y,,,29,,,,,,N,Y,4,0,2,5,A,-,03,22350,,N,C,C,A,A,H,-,A,D,0,,,,,Y,,D,22,0,0,2,0,0,0,0,0,0,"- ","- ",38.240009307861328,-122.26717376708984,NAPA,UNINCORPORATED,-122.26714324951172,38.240039825439453
91636334,2021,2021-11-29,9325,2021-11-14,1840,021083,,7,2,9,2800,0,3,5,,2,007,"MILTON RD","LAS AMIGAS ROAD",6336.00,S,N,A,-,N,,,,,,,,,,Y,4,0,1,1,A,-,01,23152,A,M,E,I,A,A,H,-,D,D,0,,,,,Y,Y,D,22,0,0,1,0,0,0,0,0,0,"- ","- ",38.215530395507812,-122.31105804443359,NAPA,UNINCORPORATED,-122.3115234375,38.214889526367188
9280607,2021,2021-07-16,2802,2021-06-23,1209,320425,38,3,5,5,2802,0,0,0,,0,01C,"1ST ST","RANDOLPH ST",0.00,,Y,A,-,N,,,,,,,,,,N,4,0,1,2,A,-,03,22350,,N,C,C,A,A,-,-,A,D,0,,,,,Y,,A,01,0,0,1,0,0,0,0,0,0,"- ","- ",,,NAPA,NAPA,-122.28780364990234,38.298061370849609
9289433,2021,2021-07-19,2802,2021-06-24,1231,320488,5,4,5,5,2802,0,0,0,,0,04A,"SOLANO AV","WINE COUNTRY AV",0.00,,Y,A,-,N,,,,,,,,,,Y,4,0,1,2,A,-,12,21453,A,N,D,C,A,A,H,-,A,A,0,,,,,Y,,A,07,0,0,1,0,0,0,0,0,0,"- ","- ",,,NAPA,NAPA,-122.32224273681641,38.335975646972656
91508996,2021,2021-06-29,9325,2021-06-21,0620,014728,,1,1,9,2800,0,1,3,,1,022,SR-29,"FIRST ST. O/C",100.00,S,N,A,-,Y,,,,,,,,,,Y,3,0,1,1,C,-,18,,,N,E,H,A,A,H,-,A,D,0,,,Y,,Y,,-,"- ",0,1,0,0,0,0,0,0,1,"- ","- ",38.29949951171875,-122.30267333984375,NAPA,UNINCORPORATED,-122.30253601074219,38.299671173095703
91658447,2021,2021-12-22,9325,2021-12-11,0230,021996,,6,3,9,2800,0,1,3,,1,012,"SR-29 N/B",SR-221,53.00,S,N,A,-,Y,,,29,,,,,,N,N,4,0,1,2,A,-,03,22350,,N,C,C,A,A,H,-,C,A,0,,,,,Y,,D,22,0,0,1,0,0,0,0,0,0,"- ","- ",38.241451263427734,-122.26946258544922,NAPA,UNINCORPORATED,-122.26936340332031,38.241634368896484
9274820,2021,2021-08-09,2802,2021-06-26,1733,320488,12,6,5,5,2802,0,0,0,,0,003,"JEFFERSON ST","JEFFERSON ST 3674",25.00,S,N,A,-,N,,,,,,,,,,Y,3,0,1,4,A,-,01,23152,A,N,C,E,A,A,H,-,A,A,0,,,,,Y,,A,01,0,1,0,0,0,0,0,0,0,"- ","- ",,,NAPA,NAPA,,
9295879,2021,2021-08-06,2802,2021-07-20,1515,320388,411,2,5,5,2802,0,0,0,,0,02B,"W IMOLA AV","CABOT WY",400.00,W,N,A,-,Y,NAP,4,121,-,R,4.990,H,-,N,Y,3,0,2,2,A,-,01,23152,A,N,D,C,A,A,H,-,A,A,0,,,,,Y,Y,A,01,0,1,1,0,0,0,0,0,0,"- ","- ",,,NAPA,NAPA,-122.29123687744141,38.281890869140625
9385068,2021,2022-01-12,2802,2021-12-10,0931,189,23,5,5,5,2802,0,0,0,,0,003,"BIG RANCH RD","TRANCAS ST",0.00,,Y,A,-,N,,,,,,,,,,N,4,0,1,2,A,-,21,22106,,M,H,C,A,A,H,-,A,A,0,,,,,Y,Y,A,07,0,0,1,0,0,0,0,0,0,"- ","- ",,,NAPA,NAPA,-122.28885650634766,38.324764251708984
9386681,2021,2022-01-13,2802,2021-12-17,1226,320488,12,5,5,5,2802,0,0,0,,0,003,"JEFFERSON ST","SIERRA AV",0.00,,Y,A,-,N,,,,,,,,,,Y,3,0,1,2,D,-,00,,,N,H,A,A,A,H,-,A,A,0,,,Y,,Y,,-,"- ",0,1,0,0,0,0,0,0,1,"- ","- ",,,NAPA,NAPA,-122.30485534667969,38.328784942626953
91431657,2021,2021-03-22,9325,2021-02-26,2200,022560,,5,3,9,2800,0,1,3,,1,011,"SR-29 N/B",SR-221,0.00,,Y,A,-,Y,,,29,,,,,,N,Y,3,0,2,2,A,-,12,21453,A,F,D,C,A,A,H,-,C,A,0,,,,,Y,,D,22,0,2,0,0,0,0,0,0,0,"- ","- ",38.241500854492188,-122.26920318603516,NAPA,UNINCORPORATED,-122.26918029785156,38.241539001464844
9276450,2021,2021-09-27,2801,2021-08-20,1520,199,1,5,5,2,2801,0,0,0,,0,,"RT 29","MYRTLE ST",0.00,,Y,A,-,Y,NAP,4,29,-,-,36.940,I,5,S,N,3,0,1,2,A,-,09,21804,A,N,B,C,A,A,H,-,A,D,0,,,,,Y,,-,,0,1,0,0,0,0,0,0,0,"- ","- ",,,NAPA,CALISTOGA,-122.58021545410156,38.575939178466797
91385253,2021,2021-01-11,9325,2021-01-05,0605,015674,,2,1,9,2800,0,2,4,,1,034,"DEER PARK RD","MUND RD",35.00,W,N,B,E,N,,,,,,,,,,Y,4,0,1,1,A,-,03,22350,,N,E,I,A,B,H,-,D,D,0,,,,,Y,,D,22,0,0,1,0,0,0,0,0,0,"- ","- ",38.532150268554688,-122.47052764892578,NAPA,UNINCORPORATED,-122.47072601318359,38.532268524169922
91415336,2021,2021-02-25,9325,2021-02-20,1645,021083,,6,2,9,2800,0,3,5,,2,002,"BIG RANCH RD","SALVADOR AVE",3168.00,N,N,A,-,N,,,,,,,,,,N,4,0,1,2,A,-,09,21804,A,N,D,C,A,A,H,-,A,D,0,,,Y,,Y,,A,07,0,0,1,0,0,0,0,0,1,"- ","- ",38.354461669921875,-122.30741882324219,NAPA,UNINCORPORATED,-122.30897521972656,38.356575012207031
9341335,2021,2021-11-06,2802,2021-09-23,1506,320488,26,4,5,5,2802,0,0,0,,0,01A,"CALIFORNIA BL","MENLO AV",0.00,,Y,A,-,N,,,,,,,,,,N,4,0,1,2,A,-,09,21802,A,N,D,C,A,A,H,-,A,A,0,,,Y,,Y,,A,01,0,0,1,0,0,0,0,0,1,"- ","- ",,,NAPA,NAPA,-122.30400085449219,38.312496185302734
91442957,2021,2021-04-05,9325,2021-03-27,1433,022562,,6,2,9,2800,0,1,3,,1,013,SR-221,SR-29,1625.00,N,N,A,-,Y,,,221,,,,,,,N,4,0,1,3,A,-,03,22350,,N,C,C,A,A,H,-,A,D,0,,,,,Y,,A,07,0,0,1,0,0,0,0,0,0,"- ","- ",38.246738433837891,-122.26981353759766,NAPA,UNINCORPORATED,-122.26979827880859,38.246742248535156
91641217,2021,2021-12-02,9325,2021-11-24,2225,019067,,3,3,9,2800,0,1,3,,1,012,"SR-12 W/B","KIRKLAND RANCH ROAD",1584.00,W,N,A,-,Y,,,12,,,,,,W,Y,4,0,1,1,A,-,08,22107,,N,E,8,A,A,H,-,D,D,0,,,,,Y,,A,01,0,0,1,0,0,0,0,0,0,"- ","- ",38.221481323242188,-122.24021148681641,NAPA,UNINCORPORATED,-122.24020385742188,38.221401214599609
91392520,2021,2021-01-22,9325,2021-01-03,2130,022599,,7,2,9,2800,0,1,3,,1,044,SR-29,"TUBBS LN",32208.00,N,N,E,-,Y,,,29,,,,,,,Y,4,0,1,1,A,-,08,22107,,N,E,I,A,B,H,-,D,D,0,,,,,Y,,A,07,0,0,1,0,0,0,0,0,0,"- ","- ",38.655071258544922,-122.59853363037109,NAPA,UNINCORPORATED,-122.59852600097656,38.655036926269531
91619338,2021,2021-11-15,9325,2021-10-25,1530,022562,,1,2,9,2800,0,1,3,,1,012,SR-12,"KIRKLAND RANCH ROAD",0.00,,Y,B,-,Y,,,12,,,,,,,Y,2,0,4,5,A,-,09,21800,D,N,D,C,A,A,H,-,A,B,0,,,,,Y,,-,"- ",2,2,0,0,0,0,0,0,0,"- ","- ",38.220119476318359,-122.23419189453125,NAPA,UNINCORPORATED,-122.23418426513672,38.220138549804688
9219478,2021,2021-03-13,2802,2021-01-17,1245,320488,22,7,5,5,2802,0,0,0,,0,003,"JEFFERSON ST","PUEBLO AV",0.00,,Y,A,-,N,,,,,,,,,,Y,3,0,2,3,A,-,12,21453,A,N,D,C,A,A,H,-,A,A,0,,,,,Y,,A,01,0,2,0,0,0,0,0,0,0,"- ","- ",,,NAPA,NAPA,-122.29784393310547,38.315681457519531
9251411,2021,2021-04-19,2802,2021-03-25,2109,320532,43,4,5,5,2802,0,0,0,,0,01B,"OLD SONOMA RD","ORAN CT",0.00,,Y,A,-,N,,,,,,,,,,N,4,0,1,1,A,-,07,21658,A,N,A,I,A,A,H,-,C,D,0,,,,,Y,,A,01,0,0,1,0,0,0,0,0,0,"- ","- ",,,NAPA,NAPA,-122.30071258544922,38.287582397460938
9382719,2021,2022-01-13,2802,2021-12-13,0900,320425,47,1,5,5,2802,0,0,0,,0,01B,"LERNHART ST","MINAHEN ST",0.00,,Y,C,-,N,,,,,,,,,,,4,0,1,2,A,-,09,21800,A,F,D,C,A,B,H,-,A,D,0,,,,,Y,,A,01,0,0,1,0,0,0,0,0,0,"- ","- ",,,NAPA,NAPA,-122.29794311523438,38.283668518066406
9385065,2021,2022-01-12,2802,2021-12-09,1821,320488,26,4,5,5,2802,0,0,0,,0,01A,"JEFFERSON ST","JEFFERSON ST 2815",50.00,E,N,A,-,N,,,,,,,,,,Y,4,0,1,1,A,-,08,22107,,N,E,I,A,A,H,-,C,A,0,,,,,Y,,A,01,0,0,1,0,0,0,0,0,0,"- ","- ",,,NAPA,NAPA,,
91470237,2021,2021-05-11,9325,2021-05-08,0916,021969,,6,1,9,2800,0,1,3,,1,011,"SR-29 N/B",SR-221,4752.00,N,N,A,-,Y,,,29,,,,,,N,Y,4,0,1,3,A,-,03,22350,,N,C,C,A,A,H,-,A,D,0,,,,,Y,,A,01,0,0,1,0,0,0,0,0,0,"- ","- ",38.244049072265625,-122.28605651855469,NAPA,UNINCORPORATED,-122.28606414794922,38.244049072265625
91523037,2021,2021-07-19,9325,2021-07-09,1205,018379,,5,1,5,2802,0,1,3,,1,013,SR-221,"MAGNOLIA DR",100.00,N,N,A,-,N,,,221,,,,,,,Y,3,0,3,4,A,-,03,22350,,N,C,C,A,A,H,-,A,D,0,,,,,Y,,D,22,0,3,0,0,0,0,0,0,0,"- ","- ",38.278469085693359,-122.27372741699219,NAPA,NAPA,-122.27374267578125,38.278469085693359
91523250,2021,2021-07-19,9325,2021-07-11,0000,021425,,7,3,9,2800,0,1,3,,1,044,SR-29,"OLD LAWLEY TOLL RD",1584.00,S,N,A,-,Y,,,29,,,,,,,Y,3,0,1,1,A,-,08,22107,,N,E,8,A,A,H,-,D,D,0,,,,,Y,,E,22,0,1,0,0,0,0,0,0,0,"- ","- ",38.640129089355469,-122.59829711914062,NAPA,UNINCORPORATED,-122.59813690185547,38.640083312988281
91600325,2021,2021-10-19,9325,2021-10-08,1420,017746,,5,2,9,2800,0,1,3,,1,012,"SR-12 (JAMESON CYN RD)","N. KELLY ROAD",528.00,E,N,A,-,Y,,,12,,,,,,,Y,4,0,1,2,C,-,18,,,N,C,C,A,A,H,-,A,D,0,,,,,Y,,-,"- ",0,0,1,0,0,0,0,0,0,"- ","- ",38.222278594970703,-122.25060272216797,NAPA,UNINCORPORATED,-122.25060272216797,38.222278594970703
91523326,2021,2021-07-19,9325,2021-07-12,1140,020829,,1,1,9,2800,0,1,3,,2,071,"SR-121 N/B","CUTTINGS WHARF ROAD",967.00,E,N,A,-,Y,,,121,,,,,,N,Y,4,0,1,1,A,-,08,22107,,N,E,I,A,A,H,-,A,D,0,,,,,Y,,D,22,0,0,1,0,0,0,0,0,0,"- ","- ",38.256729125976562,-122.32450866699219,NAPA,UNINCORPORATED,-122.32449340820312,38.256633758544922
91659962,2021,2021-12-23,9325,2021-12-16,0330,019067,,4,3,9,2800,0,1,3,,2,071,SR-121,"HAIRE LANE",2112.00,N,N,B,C,Y,,,121,,,,,,,Y,4,0,1,1,A,-,01,23152,A,N,E,I,A,B,H,-,D,D,0,,,,,Y,Y,A,01,0,0,1,0,0,0,0,0,0,"- ","- ",38.255290985107422,-122.36911010742188,NAPA,UNINCORPORATED,-122.36907958984375,38.255195617675781
9219479,2021,2021-03-13,2802,2021-01-22,1106,320457,43,5,5,5,2802,0,0,0,,0,01B,"WALNUT ST","WALNUT ST 213",10.00,S,N,C,-,N,,,,,,,,,,Y,4,0,1,2,A,-,21,22106,,N,C,C,A,B,H,-,A,D,0,,,,,Y,,A,01,0,0,1,0,0,0,0,0,0,"- ","- ",,,NAPA,NAPA,,