CASE_ID,ACCIDENT_YEAR,PROC_DATE,JURIS,COLLISION_DATE,COLLISION_TIME,OFFICER_ID,REPORTING_DISTRICT,DAY_OF_WEEK,CHP_SHIFT,POPULATION,CNTY_CITY_LOC,SPECIAL_COND,BEAT_TYPE,CHP_BEAT_TYPE,CITY_DIVISION_LAPD,CHP_BEAT_CLASS,BEAT_NUMBER,PRIMARY_RD,SECONDARY_RD,DISTANCE,DIRECTION,INTERSECTION,WEATHER_1,WEATHER_2,STATE_HWY_IND,CALTRANS_COUNTY,CALTRANS_DISTRICT,STATE_ROUTE,ROUTE_SUFFIX,POSTMILE_PREFIX,POSTMILE,LOCATION_TYPE,RAMP_INTERSECTION,SIDE_OF_HWY,TOW_AWAY,COLLISION_SEVERITY,NUMBER_KILLED,NUMBER_INJURED,PARTY_COUNT,PRIMARY_COLL_FACTOR,PCF_CODE_OF_VIOL,PCF_VIOL_CATEGORY,PCF_VIOLATION,PCF_VIOL_SUBSECTION,HIT_AND_RUN,TYPE_OF_COLLISION,MVIW,PED_ACTION,ROAD_SURFACE,ROAD_COND_1,ROAD_COND_2,LIGHTING,CONTROL_DEVICE,CHP_ROAD_TYPE,PEDESTRIAN_ACCIDENT,BICYCLE_ACCIDENT,MOTORCYCLE_ACCIDENT,TRUCK_ACCIDENT,NOT_PRIVATE_PROPERTY,ALCOHOL_INVOLVED,STWD_VEHTYPE_AT_FAULT,CHP_VEHTYPE_AT_FAULT,COUNT_SEVERE_INJ,COUNT_VISIBLE_INJ,COUNT_COMPLAINT_PAIN,COUNT_PED_KILLED,COUNT_PED_INJURED,COUNT_BICYCLIST_KILLED,COUNT_BICYCLIST_INJURED,COUNT_MC_KILLED,COUNT_MC_INJURED,PRIMARY_RAMP,SECONDARY_RAMP,LATITUDE,LONGITUDE,COUNTY,CITY,POINT_X,POINT_Y
9271382,2021,2021-06-16,2800,2021-05-20,1508,250226,10202,4,5,2,2805,0,0,0,,0,001,BROADWAY,"POCO WY",0.00,,Y,B,-,Y,NAP,4,29,-,-,1.520,I,5,N,Y,4,0,1,2,A,-,06,21755,,N,D,C,A,A,H,-,A,A,0,,,,,Y,,A,01,0,0,1,0,0,0,0,0,0,"- ","- ",,,NAPA,"AMERICAN CANYON",-122.25428771972656,38.177200317382812
9287060,2021,2021-08-10,2802,2021-06-23,1804,320529,20,3,5,5,2802,0,0,0,,0,04A,"W PUEBLO AV","LINDA VISTA AV",0.00,,Y,A,-,N,,,,,,,,,,Y,4,0,1,2,D,-,00,,,N,D,C,A,A,H,-,A,A,0,,,,,Y,,-,"- ",0,0,1,0,0,0,0,0,0,"- ","- ",,,NAPA,NAPA,-122.31610870361328,38.31231689453125
9353565,2021,2021-11-06,2802,2021-10-21,1240,320488,30,4,5,5,2802,0,0,0,,0,01A,"GEORGIA ST","F ST",0.00,,Y,B,-,N,,,,,,,,,,Y,4,0,1,2,A,-,09,21802,A,N,D,C,A,B,H,-,A,A,0,,,,,Y,,A,01,0,0,1,0,0,0,0,0,0,"- ","- ",,,NAPA,NAPA,-122.29672241210938,38.305133819580078
9356554,2021,2021-11-30,2802,2021-10-11,1634,320113,50,1,5,5,2802,0,0,0,,0,02B,"SHETLER AV","WILKINS AV",0.00,,Y,A,-,N,,,,,,,,,,Y,3,0,1,2,A,-,12,22450,A,N,D,C,A,A,H,-,A,A,0,,,,,Y,,A,07,0,1,0,0,0,0,0,0,0,"- ","- ",,,NAPA,NAPA,-122.27056121826172,38.282642364501953
91466960,2021,2021-05-06,9325,2021-04-23,1720,022562,,5,2,9,2800,0,3,5,,2,002,SR-121,"VICHY AVE",20.00,N,N,B,-,Y,,,121,,,,,,,Y,4,0,1,1,C,-,18,,,N,E,I,A,A,H,-,A,D,0,,,,,Y,,-,"- ",0,0,1,0,0,0,0,0,0,"- ","- ",38.338409423828125,-122.25984954833984,NAPA,UNINCORPORATED,-122.26001739501953,38.338588714599609
9384420,2021,2022-01-13,2802,2021-12-14,1823,185,12,2,5,5,2802,0,0,0,,0,003,"JEFFERSON ST","RUBICON ST",8.00,S,N,B,-,N,,,,,,,,,,Y,2,0,1,2,A,-,10,21950,A,N,G,B,B,A,H,-,D,D,0,Y,,,,Y,,A,01,1,0,0,0,1,0,0,0,0,"- ","- ",,,NAPA,NAPA,-122.30120849609375,38.324222564697266
91470071,2021,2021-05-11,9325,2021-04-29,1750,019775,,4,2,9,2800,0,1,3,,1,021,"SR-121 S/B","VICHY AVE",350.00,N,N,A,-,Y,,,121,,,,,,S,Y,4,0,1,2,A,-,03,22350,,N,C,C,A,A,H,-,A,D,0,,,,,Y,,A,07,0,0,1,0,0,0,0,0,0,"- ","- ",38.341121673583984,-122.25730133056641,NAPA,UNINCORPORATED,-122.25727844238281,38.341094970703125
91581241,2021,2021-09-28,9325,2021-09-16,0905,018379,,4,1,9,2800,0,3,5,,2,002,"HARDMAN AVE","ATLAS PEAK RD",1056.00,W,N,A,-,N,,,,,,,,,,N,3,0,1,2,A,-,08,22107,,F,G,B,E,A,H,-,A,D,0,Y,,,,Y,,A,07,0,1,0,0,1,0,0,0,0,"- ","- ",38.348808288574219,-122.2701416015625,NAPA,UNINCORPORATED,-122.27066802978516,38.348644256591797
9263144,2021,2021-05-24,2800,2021-05-07,1716,250457,10201,5,5,2,2805,0,0,0,,0,001,"W AMERICAN CANYON RD","RT 29",0.00,,Y,A,-,Y,NAP,4,29,-,-,0.590,H,-,N,Y,3,0,2,3,A,-,00,23170,,N,C,C,A,A,H,-,A,A,0,,,,,Y,,A,01,0,1,1,0,0,0,0,0,0,"- ","- ",,,NAPA,"AMERICAN CANYON",-122.25286865234375,38.164024353027344
91486722,2021,2021-06-01,9325,2021-05-27,1815,017559,,4,2,9,2800,0,1,3,,1,013,"SR-221 N/B","KAISER RD",10.00,S,N,A,-,Y,,,221,,,,,,N,Y,3,0,1,2,A,-,07,21658,A,N,C,C,A,A,H,-,A,A,0,,,,,Y,,A,01,0,1,0,0,0,0,0,0,0,"- ","- ",38.257659912109375,-122.27102661132812,NAPA,UNINCORPORATED,-122.27100372314453,38.257656097412109
91598681,2021,2021-10-18,9325,2021-10-03,1040,020829,,7,1,9,2800,0,1,3,,1,011,"SR-29 N/B","SOSCOL FERRY ROAD",952.00,S,N,A,-,Y,,,29,,,,,,N,Y,3,0,3,3,A,-,03,22350,,N,C,C,A,A,H,-,A,D,0,,,,,Y,,A,01,0,1,2,0,0,0,0,0,0,"- ","- ",38.239601135253906,-122.26667785644531,NAPA,UNINCORPORATED,-122.26664733886719,38.239639282226562
9231522,2021,2021-03-25,2800,2021-03-09,1051,250226,10204,2,5,2,2805,0,0,0,,0,001,BROADWAY,"NAPA JUNCTION RD",590.00,N,N,C,-,Y,NAP,4,29,-,R,2.160,H,-,S,Y,4,0,1,3,A,-,03,22350,,N,C,C,A,B,H,-,A,A,0,,,,,Y,,A,01,0,0,1,0,0,0,0,0,0,"- ","- ",,,NAPA,"AMERICAN CANYON",-122.25547027587891,38.186370849609375
91547546,2021,2021-08-18,9325,2021-08-01,1600,022560,,7,2,9,2800,0,3,5,,1,008,"BUTTS CANYON RD","SNELL VALLEY RD",491.00,S,N,A,-,N,,,,,,,,,,N,2,0,1,1,A,-,08,22107,,N,E,I,A,A,H,-,A,D,0,,,Y,,Y,,C,02,1,0,0,0,0,0,0,0,1,"- ","- ",38.694110870361328,-122.44451141357422,NAPA,UNINCORPORATED,-122.44458770751953,38.694118499755859
9339508,2021,2021-10-25,2800,2021-09-22,1317,250226,20207,3,5,2,2805,0,0,0,,0,002,"RT 29","AMERICAN CANYON RD",0.00,,Y,A,-,Y,NAP,4,29,-,-,0.690,I,5,N,N,4,0,1,2,A,-,12,21453,A,N,D,C,A,A,H,-,A,A,0,,,,,Y,,A,01,0,0,1,0,0,0,0,0,0,"- ","- ",,,NAPA,"AMERICAN CANYON",-122.25274658203125,38.165523529052734
91385088,2021,2021-01-11,9325,2021-01-04,0600,015674,,1,1,9,2800,0,1,3,,1,044,SR29,"TUBBS LN",8448.00,N,N,B,C,Y,,,29,,,,,,,Y,4,0,1,1,A,-,03,22350,,N,F,I,A,B,H,-,D,D,0,,,,,Y,,A,01,0,0,1,0,0,0,0,0,0,"- ","- ",38.620769500732422,-122.59719848632812,NAPA,UNINCORPORATED,-122.59720611572266,38.620765686035156
91557903,2021,2021-08-30,9325,2021-08-14,0446,021425,,6,3,5,2802,0,1,3,,1,022,"SR-29 S/B TO 1ST ST","1ST ST",252.00,S,N,A,-,Y,,,29,,,,R,,S,Y,3,0,2,1,A,-,03,22350,,N,E,I,A,A,B,-,D,D,0,,,,,Y,,A,07,0,1,1,0,0,0,0,0,0,"- ","- ",38.299121856689453,-122.30309295654297,NAPA,NAPA,-122.30309295654297,38.299121856689453
91411574,2021,2021-02-19,9325,2021-02-15,1510,021969,,1,2,9,2800,0,1,3,,1,013,"SR-221 S/B","SR-29 N/B",1584.00,N,N,B,-,Y,,,221,,,,,,S,Y,4,0,1,2,A,-,03,22350,,N,C,C,A,A,H,-,A,D,0,,,,,Y,,A,01,0,0,1,0,0,0,0,0,0,"- ","- ",38.245521545410156,-122.26947021484375,NAPA,UNINCORPORATED,-122.26948547363281,38.245517730712891
91530464,2021,2021-07-28,9325,2021-07-18,1145,020829,,7,1,9,2800,0,1,3,,2,071,"SR-121 S/B","OLD SONOMA ROAD",372.00,E,N,A,-,Y,,,121,,,,,,S,N,4,0,1,2,A,-,03,22350,,N,C,C,A,A,H,-,A,D,0,,,,,Y,,A,01,0,0,1,0,0,0,0,0,0,"- ","- ",38.255218505859375,-122.34116363525391,NAPA,UNINCORPORATED,-122.34117889404297,38.255138397216797
9359041,2021,2021-11-09,2802,2021-10-16,1804,320488,11,6,5,5,2802,0,0,0,,0,003,"CALIFORNIA BL","TRANCAS ST",0.00,,Y,A,-,N,,,,,,,,,,Y,3,0,1,2,D,-,00,,,N,D,C,A,A,H,-,A,A,0,,,,,Y,,-,"- ",0,1,0,0,0,0,0,0,0,"- ","- ",,,NAPA,NAPA,-122.30586242675781,38.321800231933594
91444812,2021,2021-04-08,9325,2021-03-26,0636,020829,,5,1,9,2800,0,1,3,,1,011,"SR-29 S/B","IMOLA AVENUE",1931.00,S,N,A,-,Y,,,29,,,,,,S,Y,4,0,1,2,A,-,03,22350,,F,C,C,A,A,H,-,B,D,0,,,,,Y,,A,01,0,0,1,0,0,0,0,0,0,"- ","- ",38.276569366455078,-122.29943084716797,NAPA,UNINCORPORATED,-122.29936218261719,38.276584625244141
9228094,2021,2021-04-15,2802,2021-02-20,0944,320337,37,6,5,5,2802,0,0,0,,0,01C,"3RD ST","JEFFERSON ST",0.00,,Y,A,-,N,,,,,,,,,,Y,3,0,2,2,A,-,12,21453,A,N,A,C,A,A,H,-,A,A,0,,,,,Y,,A,01,0,1,1,0,0,0,0,0,0,"- ","- ",,,NAPA,NAPA,-122.29366302490234,38.295719146728516
91632825,2021,2021-11-23,9325,2021-11-19,0940,021005,,5,1,9,2800,0,3,5,,2,003,"WHITE COTTAGE RD  S","WEST LANE",1584.00,N,N,E,-,N,,,,,,,,,,Y,3,0,2,2,A,-,05,21460,A,N,A,C,A,B,H,-,A,D,0,,,,,Y,,A,07,0,1,1,0,0,0,0,0,0,"- ","- ",38.567420959472656,-122.45726013183594,NAPA,UNINCORPORATED,-122.45684814453125,38.567554473876953
9269872,2021,2021-06-16,2802,2021-05-15,0949,320533,41,6,5,5,2802,0,0,0,,0,02B,"TERRACE DR","COOMBSVILLE RD",390.00,S,N,B,-,N,,,,,,,,,,N,4,0,1,2,A,-,09,21804,A,N,B,C,A,A,H,-,A,D,0,,,,,Y,,A,01,0,0,1,0,0,0,0,0,0,"- ","- ",,,NAPA,NAPA,-122.26945495605469,38.296409606933594
9341517,2021,2021-11-04,2803,2021-09-15,0134,29,,3,5,2,2803,0,0,0,,0,,"ADAMS ST","LIBRARY LN",208.00,E,N,A,-,N,,,,,,,,,,Y,3,0,1,2,A,-,08,22107,,N,E,J,A,A,H,-,C,D,0,,,,,Y,,A,01,0,1,0,0,0,0,0,0,0,"- ","- ",38.507999420166016,-122.46733093261719,NAPA,"SAINT HELENA",-122.46836090087891,38.507465362548828
9369164,2021,2021-12-15,2802,2021-11-22,2037,320363,28,1,5,5,2802,0,0,0,,0,003,"SOSCOL AV","LAHOMA DR",0.00,,Y,A,-,N,,,,,,,,,,N,4,0,1,2,D,-,00,,,M,B,C,A,A,H,-,C,D,0,,,Y,,Y,,-,"- ",0,0,1,0,0,0,0,0,1,"- ","- ",,,NAPA,NAPA,-122.28530883789062,38.320884704589844
91459185,2021,2021-04-27,9325,2021-04-18,0825,020829,,7,1,9,2800,0,3,5,,2,002,"YOUNTVILLE CROSS ROAD","SILVERADO TRAIL",1724.00,W,N,A,-,N,,,,,,,,,,N,4,0,2,2,A,-,08,22107,,N,H,G,A,A,D,-,A,A,0,,Y,,,Y,,L,04,0,0,2,0,0,0,2,0,0,"- ","- ",38.424110412597656,-122.34530639648438,NAPA,UNINCORPORATED,-122.34521484375,38.424144744873047
91671044,2021,2022-01-05,9325,2021-10-10,1855,019847,,7,2,9,2800,0,3,5,,2,007,"CUTTINGS WHARF ROAD","MIDDLE AVENUE",128.00,N,N,A,-,N,,,,,,,,,,Y,1,1,0,1,A,-,08,22107,,N,E,I,A,A,H,-,D,D,0,,,Y,,Y,,C,02,0,0,0,0,0,0,0,1,0,"- ","- ",38.247791290283203,-122.31993865966797,NAPA,UNINCORPORATED,-122.31983947753906,38.247802734375
9221907,2021,2021-03-10,2802,2021-02-04,1808,320488,3,4,5,5,2802,0,0,0,,0,003,"RT 29","WINE COUNTRY AV",100.00,N,N,A,-,Y,NAP,4,29,-,-,14.360,H,-,S,Y,4,0,1,2,A,-,03,22350,,N,C,C,A,A,H,-,C,A,0,,,,,Y,,A,01,0,0,1,0,0,0,0,0,0,"- ","- ",,,NAPA,NAPA,-122.32215118408203,38.33660888671875
91408827,2021,2021-02-16,9325,2021-02-06,2135,022560,,6,2,9,2800,0,1,3,,1,044,"SR-29 N/B","OLD LAWLEY TOLL RD",1056.00,N,N,A,B,Y,,,29,,,,,,N,Y,3,0,1,1,A,-,03,22350,,N,E,I,A,A,H,-,D,D,0,,,,,Y,,A,01,0,1,0,0,0,0,0,0,0,"- ","- ",38.639400482177734,-122.59349822998047,NAPA,UNINCORPORATED,-122.59349822998047,38.639381408691406
91393524,2021,2021-01-25,9325,2021-01-07,1816,022562,,4,2,9,2800,0,1,3,,2,071,SR-121,"OLD SONOMA HWY",18.00,S,N,A,-,Y,,,121,,,,,,,Y,4,0,1,1,A,-,08,22107,,N,E,I,A,A,H,-,D,D,0,,,,,Y,,A,01,0,0,1,0,0,0,0,0,0,"- ","- ",38.2547607421875,-122.33608245849609,NAPA,UNINCORPORATED,-122.3360595703125,38.254592895507812
91395183,2021,2021-01-27,9325,2021-01-25,1750,022538,,1,2,9,2800,0,1,3,,1,011,"SR-29 S/B",SR-12,2640.00,N,N,A,-,Y,,,29,,,,,,S,Y,3,0,1,2,A,-,03,22350,,N,C,C,A,A,H,-,D,D,0,,,,,Y,,D,22,0,1,0,0,0,0,0,0,0,"- ","- ",38.231491088867188,-122.25891876220703,NAPA,UNINCORPORATED,-122.25895690917969,38.231475830078125
91398342,2021,2021-01-29,9325,2021-01-20,2019,022599,,3,2,9,2800,0,3,5,,2,002,"FOURTH AVENUE","IMOLA AVE",1373.00,N,N,A,-,N,,,,,,,,,,Y,4,0,1,1,A,-,03,22350,,N,E,I,A,A,H,-,D,D,0,,,,,Y,,A,01,0,0,1,0,0,0,0,0,0,"- ","- ",38.282581329345703,-122.24697113037109,NAPA,UNINCORPORATED,-122.24721527099609,38.282360076904297
91400368,2021,2021-02-02,9325,2021-01-22,1558,021083,,5,2,9,2800,0,1,3,,1,021,SR-121,"WOODEN VALLEY RD",5280.00,S,N,B,-,Y,,,121,,,,,,,Y,4,0,1,2,A,-,03,22350,,N,B,C,A,B,H,-,A,D,0,,,,,Y,,D,22,0,0,1,0,0,0,0,0,0,"- ","- ",38.364658355712891,-122.20221710205078,NAPA,UNINCORPORATED,-122.20223999023438,38.364727020263672
91401830,2021,2021-02-03,9325,2021-01-26,1455,015447,,2,2,9,2800,0,1,3,,1,011,"SR-29 N/B","NORTH KELLY",50.00,S,N,B,C,Y,,,29,,,,,,N,Y,4,0,1,1,A,-,08,22107,,N,E,I,A,B,H,-,A,D,0,,,,,Y,,A,01,0,0,1,0,0,0,0,0,0,"- ","- ",38.233299255371094,-122.25920104980469,NAPA,UNINCORPORATED,-122.25952911376953,38.233074188232422
91404246,2021,2021-02-08,9325,2021-01-30,1552,021083,,6,2,9,2800,0,3,5,,2,007,"OLD SONOMA ROAD","OLD SONOMA HWY",100.00,S,N,A,-,N,,,,,,,,,,Y,4,0,1,1,A,-,08,22107,,M,E,I,A,A,H,-,A,D,0,,,,,Y,,A,07,0,0,1,0,0,0,0,0,0,"- ","- ",38.256679534912109,-122.34047698974609,NAPA,UNINCORPORATED,-122.34014892578125,38.256790161132812
91404508,2021,2021-04-26,9325,2021-01-31,0655,019847,,7,1,9,2800,0,1,3,,1,013,SR-29,"ANDERSON DRIVE",20.00,S,N,A,-,Y,,,,,,,,,,Y,3,0,2,2,A,-,03,22350,,N,C,C,A,B,H,-,A,D,0,,,,,Y,,A,07,0,1,1,0,0,0,0,0,0,"- ","- ",38.250118255615234,-122.27047729492188,NAPA,UNINCORPORATED,,
91405121,2021,2021-02-09,9325,2021-01-29,1645,021083,,5,2,9,2800,0,2,4,,1,023,"SILVERADO TRAIL","SKELLENGER LN",1056.00,S,N,A,-,N,,,,,,,,,,Y,4,0,1,2,A,-,03,22350,,N,C,C,A,A,H,-,A,D,0,,,,,Y,,A,01,0,0,1,0,0,0,0,0,0,"- ","- ",38.463321685791016,-122.37303924560547,NAPA,UNINCORPORATED,-122.37288665771484,38.462909698486328
91406965,2021,2021-02-11,9325,2021-02-07,1400,021605,,7,2,9,2800,0,3,5,,1,008,"KNOXVILLE BERRYESSA ROAD","SPANISH FLAT LOOP ROAD",10560.00,N,N,A,-,Y,,,,,,,,,,N,3,0,1,1,C,-,18,,,N,E,H,A,A,H,-,A,D,0,,,Y,,Y,,-,"- ",0,1,0,0,0,0,0,0,1,"- ","- ",38.561500549316406,-122.23549652099609,NAPA,UNINCORPORATED,-122.23321533203125,38.557136535644531
91407425,2021,2021-02-12,9325,2021-02-03,2145,022599,,3,2,9,2800,0,1,3,,1,012,SR-12,"LYNCH RD",2640.00,E,N,A,-,Y,,,,,,,,,,Y,2,0,1,1,A,-,08,22107,,N,E,I,A,A,H,-,C,D,0,,,,,Y,,A,07,1,0,0,0,0,0,0,0,0,"- ","- ",38.383998870849609,-122.20057678222656,NAPA,UNINCORPORATED,,
91408890,2021,2021-02-16,9325,2021-02-10,2100,022599,,3,2,9,2800,0,1,3,,1,043,"PETRIFIED FOREST RD","FRANZ VALLEY SCHOOL ROAD",850.00,W,N,A,B,Y,,,,,,,,,,Y,4,0,3,2,A,-,05,21460,A,N,A,C,A,B,H,-,D,D,0,,,,,Y,,A,01,0,0,3,0,0,0,0,0,0,"- ","- ",38.577400207519531,-122.60797119140625,NAPA,UNINCORPORATED,-122.60785675048828,38.577392578125
91408902,2021,2021-02-16,9325,2021-01-21,1600,017559,,4,2,9,2800,0,2,4,,1,023,"SILVERADO TRAIL","YOUNTVILLE CROSS RD",3168.00,S,N,A,-,N,,,,,,,,,,Y,1,1,2,1,A,-,08,22107,,N,E,I,A,A,H,-,A,D,0,,,,,Y,,A,01,0,2,0,0,0,0,0,0,0,"- ","- ",38.418960571289062,-122.33724975585938,NAPA,UNINCORPORATED,-122.3372802734375,38.419990539550781
91411479,2021,2021-02-19,9325,2021-02-13,0800,019847,,6,1,9,2800,0,1,3,,1,011,SR-29,"NORTH KELY ROAD",10.00,S,N,B,-,Y,,,29,,,,,,,Y,3,0,1,1,A,-,08,22107,,N,E,I,A,B,H,-,A,D,0,,,,,Y,,D,22,0,1,0,0,0,0,0,0,0,"- ","- ",38.232898712158203,-122.25924682617188,NAPA,UNINCORPORATED,-122.25936126708984,38.232826232910156
91411504,2021,2021-02-19,9325,2021-02-13,1352,021083,,6,1,9,2800,0,1,3,,2,071,SR-121,"OLD SONOMA RD",600.00,S,N,A,-,Y,,,121,,,,,,,Y,4,0,1,2,A,-,03,22350,,N,C,C,A,A,H,-,A,D,0,,,,,Y,,A,01,0,0,1,0,0,0,0,0,0,"- ","- ",38.255718231201172,-122.34504699707031,NAPA,UNINCORPORATED,-122.34504699707031,38.255733489990234
91413342,2021,2021-02-23,9325,2021-02-14,1000,021005,,7,1,9,2800,0,1,3,,1,041,SR-29,"LIVERMORE RD",528.00,N,N,A,-,Y,,,29,,,,,,,Y,3,0,3,2,A,-,05,21460,A,N,A,C,A,B,H,-,A,D,0,,,,,Y,,D,22,0,1,2,0,0,0,0,0,0,"- ","- ",38.672561645507812,-122.59015655517578,NAPA,UNINCORPORATED,-122.59014892578125,38.672565460205078
91416937,2021,2021-02-26,9325,2021-02-18,0640,021005,,4,1,9,2800,0,1,3,,1,044,SR-29,"LIVERMORE RD",528.00,N,N,A,-,Y,,,29,,,,,,,Y,3,0,1,3,A,-,05,21460,A,N,E,I,A,A,H,-,A,D,0,,,,,Y,,A,01,0,1,0,0,0,0,0,0,0,"- ","- ",38.665138244628906,-122.59886932373047,NAPA,UNINCORPORATED,-122.59888458251953,38.665134429931641
91418829,2021,2021-03-02,9325,2021-02-24,1127,015674,,3,1,9,2800,0,1,3,,1,080,SR128,"WRAGG CANYON RD",4752.00,E,N,A,-,Y,,,128,,,,,,,Y,3,0,1,1,A,-,08,22107,,N,F,A,A,A,H,-,A,D,0,,,Y,,Y,,C,02,0,1,0,0,0,0,0,0,1,"- ","- ",38.46234130859375,-122.15306854248047,NAPA,UNINCORPORATED,-122.15303802490234,38.462337493896484
91420069,2021,2021-03-03,9325,2021-02-21,1735,021083,,7,2,9,2800,0,1,3,,1,081,SR-121,"WATERS RD",3168.00,S,N,A,-,Y,,,121,,,,,,,Y,3,0,1,1,A,-,01,23152,A,N,F,A,A,A,H,-,A,D,0,,,,,Y,Y,D,22,0,1,0,0,0,0,0,0,0,"- ","- ",38.392189025878906,-122.20197296142578,NAPA,UNINCORPORATED,-122.20198059082031,38.392185211181641
91420838,2021,2021-03-04,9325,2021-02-27,1740,021605,,6,2,9,2800,0,3,5,,2,003,"DRY CREEK ROAD","MT. VEEDER ROAD",400.00,E,N,A,-,N,,,,,,,,,,Y,3,0,1,2,A,-,01,23152,A,N,A,C,A,A,H,-,A,D,0,,,,,Y,Y,D,22,0,1,0,0,0,0,0,0,0,"- ","- ",38.406139373779297,-122.43849182128906,NAPA,UNINCORPORATED,-122.43963623046875,38.406349182128906
91424664,2021,2021-03-10,9325,2021-02-27,1852,021083,,6,2,9,2800,0,1,3,,1,044,"SR-29 N/B","OLD LAWLEY TOLL RD",12672.00,N,N,A,-,Y,,,29,,,,,,N,Y,3,0,1,2,A,-,08,22107,,N,E,I,A,A,H,-,D,D,0,,,,,Y,,A,01,0,1,0,0,0,0,0,0,0,"- ","- ",38.651020050048828,-122.59882354736328,NAPA,UNINCORPORATED,-122.59882354736328,38.650959014892578
91424690,2021,2021-03-10,9325,2021-02-27,1200,019847,,6,1,9,2800,0,1,3,,1,022,"SR-29 N/B","OAK KNOLL AVE",528.00,S,N,A,-,Y,,,29,,,,,,N,Y,4,0,2,3,A,-,03,22350,,N,C,C,A,A,H,-,A,D,0,,,,,Y,,A,07,0,0,2,0,0,0,0,0,0,"- ","- ",38.350021362304688,-122.32991790771484,NAPA,UNINCORPORATED,-122.32976531982422,38.350101470947266
91427873,2021,2021-03-24,9325,2021-02-23,0051,017746,,2,3,9,2800,0,1,3,,1,022,"SR-29 S/B","DARMS LANE",2112.00,S,N,A,-,Y,,,29,,,,,,S,Y,2,0,3,1,A,-,03,22350,,N,E,I,A,A,H,-,D,A,0,,,,,Y,,A,01,3,0,0,0,0,0,0,0,0,"- ","- ",38.359870910644531,-122.33531951904297,NAPA,UNINCORPORATED,-122.33516693115234,38.359951019287109
91428878,2021,2021-05-11,9325,2021-03-03,0710,014728,,3,1,9,2800,0,1,3,,2,071,SR-121,"CUTTINGS WHARF RD.",500.00,E,N,A,B,Y,,,121,,,,,,,Y,4,0,1,2,A,-,05,21460,A,N,B,C,A,A,H,-,A,A,0,,,,,Y,,A,01,0,0,1,0,0,0,0,0,0,"- ","- ",38.256721496582031,-122.32391357421875,NAPA,UNINCORPORATED,-122.32391357421875,38.256736755371094
91437710,2021,2021-03-29,9325,2021-03-07,0020,021425,,7,3,9,2800,0,1,3,,1,021,SR-121,"VICHY AVE",185.00,N,N,A,-,Y,,,121,,,,,,,Y,4,0,1,2,A,-,09,21804,A,N,D,C,A,A,H,-,D,D,0,,,,,Y,,A,07,0,0,1,0,0,0,0,0,0,"- ","- ",38.339019775390625,-122.25949859619141,NAPA,UNINCORPORATED,-122.259521484375,38.339042663574219
91439077,2021,2021-03-30,9325,2021-03-22,0658,015674,,1,1,9,2800,0,2,4,,2,032,"SILVERADO TRAIL","TAPLIN RD",4224.00,N,N,A,-,N,,,,,,,,,,Y,4,0,1,1,A,-,08,22107,,N,E,I,A,A,H,-,B,D,0,,,,,Y,,A,01,0,0,1,0,0,0,0,0,0,"- ","- ",38.507118225097656,-122.4429931640625,NAPA,UNINCORPORATED,-122.44357299804688,38.507312774658203
91441508,2021,2021-04-02,9325,2021-03-19,1640,022562,,5,2,9,2800,0,1,3,,1,081,SR-121,SR-128,3696.00,S,N,A,-,Y,,,121,,,,,,,Y,4,0,1,1,A,-,08,22107,,N,E,I,A,A,H,-,A,D,0,,,,,Y,,A,01,0,0,1,0,0,0,0,0,0,"- ","- ",38.4385986328125,-122.20497131347656,NAPA,UNINCORPORATED,-122.20491790771484,38.438625335693359
91445299,2021,2021-04-07,9325,2021-03-28,0325,021425,,7,3,9,2800,0,3,5,,1,008,"STEELE CANYON RD","LAKESHORE DR",528.00,W,N,A,-,N,,,,,,,,,,Y,3,0,1,1,A,-,03,22350,,N,E,I,A,A,H,-,D,D,0,,,,,Y,,A,01,0,1,0,0,0,0,0,0,0,"- ","- ",38.486660003662109,-122.19222259521484,NAPA,UNINCORPORATED,,
91449751,2021,2021-05-27,9365,2021-04-05,1650,021674,,1,2,9,2800,0,2,4,,1,032,"AMERICAN CANYON RD","VIA FIRENZE",1135.00,E,N,A,-,Y,,,,,,,,,,Y,3,0,1,2,A,-,03,22350,,N,C,C,A,A,H,-,A,D,0,,,,,Y,,A,01,0,1,0,0,0,0,0,0,0,"- ","- ",38.163990020751953,-122.23213195800781,NAPA,UNINCORPORATED,-122.23221588134766,38.164009094238281