CASE_ID,ACCIDENT_YEAR,PROC_DATE,JURIS,COLLISION_DATE,COLLISION_TIME,OFFICER_ID,REPORTING_DISTRICT,DAY_OF_WEEK,CHP_SHIFT,POPULATION,CNTY_CITY_LOC,SPECIAL_COND,BEAT_TYPE,CHP_BEAT_TYPE,CITY_DIVISION_LAPD,CHP_BEAT_CLASS,BEAT_NUMBER,PRIMARY_RD,SECONDARY_RD,DISTANCE,DIRECTION,INTERSECTION,WEATHER_1,WEATHER_2,STATE_HWY_IND,CALTRANS_COUNTY,CALTRANS_DISTRICT,STATE_ROUTE,ROUTE_SUFFIX,POSTMILE_PREFIX,POSTMILE,LOCATION_TYPE,RAMP_INTERSECTION,SIDE_OF_HWY,TOW_AWAY,COLLISION_SEVERITY,NUMBER_KILLED,NUMBER_INJURED,PARTY_COUNT,PRIMARY_COLL_FACTOR,PCF_CODE_OF_VIOL,PCF_VIOL_CATEGORY,PCF_VIOLATION,PCF_VIOL_SUBSECTION,HIT_AND_RUN,TYPE_OF_COLLISION,MVIW,PED_ACTION,ROAD_SURFACE,ROAD_COND_1,ROAD_COND_2,LIGHTING,CONTROL_DEVICE,CHP_ROAD_TYPE,PEDESTRIAN_ACCIDENT,BICYCLE_ACCIDENT,MOTORCYCLE_ACCIDENT,TRUCK_ACCIDENT,NOT_PRIVATE_PROPERTY,ALCOHOL_INVOLVED,STWD_VEHTYPE_AT_FAULT,CHP_VEHTYPE_AT_FAULT,COUNT_SEVERE_INJ,COUNT_VISIBLE_INJ,COUNT_COMPLAINT_PAIN,COUNT_PED_KILLED,COUNT_PED_INJURED,COUNT_BICYCLIST_KILLED,COUNT_BICYCLIST_INJURED,COUNT_MC_KILLED,COUNT_MC_INJURED,PRIMARY_RAMP,SECONDARY_RAMP,LATITUDE,LONGITUDE,COUNTY,CITY,POINT_X,POINT_Y
91452174,2021,2021-04-16,9325,2021-04-06,0530,017538,,2,3,9,2800,0,3,5,,2,003,"CHILES POPE VALLEY RD","POPE CANYON RD",6336.00,E,N,A,-,N,,,,,,,,,,Y,3,0,1,1,A,-,03,22350,,N,F,J,A,A,H,-,B,D,0,,,,,Y,,A,08,0,1,0,0,0,0,0,0,0,"- ","- ",38.596088409423828,-122.39939117431641,NAPA,UNINCORPORATED,-122.39997100830078,38.589118957519531
91455423,2021,2021-05-27,9365,2021-04-15,1200,017163,,4,1,9,2800,0,2,4,,1,032,"AMERICAN CANYON RD","VIA FIRENZE",1005.00,E,N,A,-,N,,,,,,,,,,Y,3,0,2,2,A,-,08,22107,,N,A,C,A,A,H,-,A,D,0,,,,,Y,,A,01,0,2,0,0,0,0,0,0,0,"- ","- ",38.164020538330078,-122.23261260986328,NAPA,UNINCORPORATED,-122.232666015625,38.164043426513672
91458111,2021,2021-04-26,9325,2021-04-16,1115,020829,,5,1,9,2800,0,1,3,,1,011,"SR-29 N/B","SOSCOL FERRY ROAD",1233.00,S,N,A,-,Y,,,29,,,,,,N,Y,4,0,1,3,A,-,03,22350,,N,C,C,A,A,H,-,A,D,0,,,,,Y,,A,01,0,0,1,0,0,0,0,0,0,"- ","- ",38.239009857177734,-122.26599884033203,NAPA,UNINCORPORATED,-122.26596832275391,38.239048004150391
91459060,2021,2021-04-27,9325,2021-04-18,1551,022562,,7,2,9,2800,0,3,5,,1,008,SR-128,"LOWER CHILES VALLEY RD",5808.00,W,N,A,-,Y,,,128,,,,,,,Y,2,0,1,2,A,-,05,21460,A,N,B,C,A,A,H,-,A,D,0,,,Y,,Y,Y,C,02,1,0,0,0,0,0,0,0,1,"- ","- ",38.505630493164062,-122.27768707275391,NAPA,UNINCORPORATED,-122.27767944335938,38.505615234375
91460028,2021,2021-04-28,9325,2021-04-20,1730,021005,,2,2,9,2800,0,3,5,,2,004,"CHILES POPE VALLEY RD","LOWER CHILES VALLEY RD",1584.00,N,N,A,C,N,,,,,,,,,,Y,3,0,1,1,A,-,08,22107,,N,E,I,A,B,H,-,A,D,0,,,,,Y,,A,08,0,1,0,0,0,0,0,0,0,"- ","- ",38.552879333496094,-122.36044311523438,NAPA,UNINCORPORATED,-122.33786010742188,38.539646148681641
91461039,2021,2021-04-29,9325,2021-04-20,1235,014728,,2,1,9,2800,0,2,4,,1,023,"SILVERADO TRAIL","OAK KNOLL AVE.",8448.00,N,N,A,-,N,,,,,,,,,,Y,3,0,3,1,A,-,08,22107,,N,F,A,A,A,H,-,A,D,0,,,,,Y,,A,07,0,2,1,0,0,0,0,0,0,"- ","- ",38.389888763427734,-122.31832122802734,NAPA,UNINCORPORATED,-122.31749725341797,38.389144897460938
91461043,2021,2021-04-29,9325,2021-04-26,0940,014728,,1,1,9,2800,0,3,5,,2,007,"CUTTINGS WHARF RD.","SOUTH AVE.",1725.00,S,N,A,-,Y,,,,,,,,,,Y,2,0,2,2,A,-,09,21801,A,N,A,C,A,A,H,-,A,A,0,,,,,Y,,A,08,1,0,1,0,0,0,0,0,0,"- ","- ",38.240360260009766,-122.31224060058594,NAPA,UNINCORPORATED,-122.31231689453125,38.240402221679688
91461153,2021,2021-04-29,9325,2021-04-25,1005,019411,,7,1,9,2800,0,1,3,,1,044,"S/B SR-29","TUBBS LANE",3696.00,N,N,C,-,Y,,,29,,,,,,,Y,3,0,1,2,A,-,03,22350,,N,A,C,A,B,H,-,A,D,0,,,,,Y,,A,01,0,1,0,0,0,0,0,0,0,"- ","- ",38.610298156738281,-122.59410095214844,NAPA,UNINCORPORATED,-122.59414672851562,38.610343933105469
91461189,2021,2021-06-22,9325,2021-04-23,1045,022560,,5,1,9,2800,0,1,3,,1,011,"SR-29 N/B","SOSCOL CREEK RD",700.00,N,N,A,-,Y,,,29,,,,,,N,Y,4,0,1,5,A,-,03,22350,,N,C,C,A,A,H,-,A,D,0,,,,,Y,,A,07,0,0,1,0,0,0,0,0,0,"- ","- ",38.238498687744141,-122.2655029296875,NAPA,UNINCORPORATED,-122.26543426513672,38.238578796386719
91463413,2021,2021-04-30,9325,2021-01-27,1945,019775,,3,2,9,2800,0,1,3,,1,011,"STATE ROUTE-29","STATE ROUTE-12",0.00,,Y,B,C,Y,,,29,,,,,,,Y,1,1,2,2,A,-,09,21453,C,N,D,C,A,B,H,-,C,A,0,,,,,Y,,A,01,0,1,1,0,0,0,0,0,0,"- ","- ",38.223171234130859,-122.25778961181641,NAPA,UNINCORPORATED,-122.25778198242188,38.223171234130859
91463431,2021,2021-05-12,9325,2021-04-21,0830,014728,,3,1,9,2800,0,1,3,,1,021,"SR-121 N/B","WILD HORSE VALLEY RD.",3696.00,N,N,A,-,Y,,,121,,,,,,N,Y,3,0,1,2,A,-,03,22350,,N,B,C,A,A,H,-,A,A,0,,,Y,,Y,,C,02,0,1,0,0,0,0,0,0,1,"- ","- ",38.361068725585938,-122.20114135742188,NAPA,UNINCORPORATED,-122.20114898681641,38.361072540283203
91464311,2021,2021-05-03,9325,2021-04-26,2320,017746,,1,3,9,2800,0,3,5,,2,007,"OLD SONOMA RD","BUHMAN AVE",80.00,N,N,A,-,N,,,,,,,,,,N,3,0,1,2,A,-,01,23152,A,M,C,C,A,A,H,-,C,D,0,,,,,Y,Y,A,07,0,1,0,0,0,0,0,0,0,"- ","- ",38.270351409912109,-122.33114624023438,NAPA,UNINCORPORATED,-122.3311767578125,38.270294189453125
91465443,2021,2021-05-04,9325,2021-05-02,2225,021896,,7,3,9,2800,0,1,3,,1,080,SR-128,"OLD CAPELL VALLEY RD",2640.00,E,N,A,-,Y,,,128,,,,,,,Y,4,0,1,1,A,-,08,22107,,N,E,I,A,A,H,-,D,D,0,,,,,Y,,A,01,0,0,1,0,0,0,0,0,0,"- ","- ",38.456878662109375,-122.21304321289062,NAPA,UNINCORPORATED,-122.21302795410156,38.456893920898438
91466883,2021,2021-05-06,9325,2021-04-25,1737,022562,,7,2,9,2800,0,3,5,,2,004,SR-29,"UPPER OLD LAWLEY TOLL ROAD",7920.00,N,N,B,-,Y,,,29,,,,,,,N,2,0,2,1,A,-,03,22350,,N,F,A,A,B,H,-,A,D,0,,,Y,,Y,,C,02,1,0,1,0,0,0,0,0,2,"- ","- ",38.646720886230469,-122.59243011474609,NAPA,UNINCORPORATED,-122.59245300292969,38.646690368652344
91468906,2021,2021-05-10,9325,2021-04-29,1330,019775,,4,1,9,2800,0,3,5,,2,002,"FIRST AVENUE","NORTH AVE",200.00,S,N,A,-,N,,,,,,,,,,Y,4,0,1,1,A,-,08,22107,,N,E,I,A,A,H,-,A,D,0,,,,,Y,,D,22,0,0,1,0,0,0,0,0,0,"- ","- ",38.302650451660156,-122.2540283203125,NAPA,UNINCORPORATED,-122.25420379638672,38.303783416748047
91474590,2021,2021-05-17,9325,2021-05-09,1215,021969,,7,1,9,2800,0,2,4,,2,032,"SILVERADO TRAIL","FAWN PARK RD",280.00,S,N,A,-,N,,,,,,,,,,Y,4,0,2,3,A,-,03,22350,,N,C,D,A,A,H,-,A,D,0,,,,,Y,,A,07,0,0,2,0,0,0,0,0,0,"- ","- ",38.523120880126953,-122.47772216796875,NAPA,UNINCORPORATED,-122.47771453857422,38.523143768310547
91479561,2021,2021-05-27,9325,2021-05-14,0450,017746,,5,3,9,2800,0,1,3,,1,022,"SR-29 S/B","HOFFMAN LANE",0.00,,Y,A,-,Y,,,29,,,,,,S,Y,3,0,2,2,A,-,09,21801,A,N,D,C,A,A,H,-,C,A,0,,,,,Y,,A,01,0,2,0,0,0,0,0,0,0,"- ","- ",38.385639190673828,-122.34938049316406,NAPA,UNINCORPORATED,-122.34938812255859,38.385635375976562
91479686,2021,2021-05-27,9325,2021-05-17,1000,020829,,1,1,9,2800,0,2,4,,2,032,"SILVERADO TRAIL","ZINFANDEL LANE",0.00,,Y,A,-,N,,,,,,,,,,Y,4,0,1,2,A,-,09,21804,A,N,D,C,A,A,H,-,A,A,0,,,,,Y,,D,22,0,0,1,0,0,0,0,0,0,"- ","- ",38.497108459472656,-122.42446136474609,NAPA,UNINCORPORATED,-122.42442321777344,38.497104644775391
91480057,2021,2021-05-24,9325,2021-03-21,1726,022562,,7,2,9,2800,0,1,3,,1,080,SR-128,"WRAGG CANYON RD",10032.00,E,N,A,-,Y,,,128,,,,,,,Y,1,1,2,3,A,-,05,21460,A,N,B,C,A,A,H,-,A,D,0,,,Y,,Y,,C,02,0,2,0,0,0,0,0,1,1,"- ","- ",38.469970703125,-122.14508056640625,NAPA,UNINCORPORATED,-122.14508056640625,38.469970703125
91482817,2021,2021-05-27,9325,2021-05-21,1705,021005,,5,2,9,2800,0,1,3,,1,021,SR-121,"ROSEMONT CIR",300.00,N,N,A,-,Y,,,121,,,,,,,Y,4,0,1,2,A,-,08,22107,,N,B,C,A,A,H,-,A,D,0,,,,,Y,,A,07,0,0,1,0,0,0,0,0,0,"- ","- ",38.327541351318359,-122.2718505859375,NAPA,UNINCORPORATED,-122.27188873291016,38.327579498291016
91490724,2021,2021-06-07,9325,2021-06-01,0645,015796,,2,1,9,2800,0,1,3,,1,031,SR-29,"NIEBAUM LN",200.00,S,N,A,-,Y,,,29,,,,,,,N,3,0,2,4,A,-,03,22350,,N,C,C,A,A,H,-,A,D,0,,,,,Y,,D,22,0,2,0,0,0,0,0,0,0,"- ","- ",38.456069946289062,-122.42018890380859,NAPA,UNINCORPORATED,-122.42027282714844,38.455989837646484
91492646,2021,2021-06-09,9325,2021-05-31,2035,020615,,1,2,9,2800,0,3,5,,1,008,"COUNTRY CLUB LANE","COLUMBINE CT",25.00,E,N,A,-,N,,,,,,,,,,Y,3,0,1,1,A,-,01,23152,A,N,E,I,A,A,H,-,D,D,0,,,,,Y,Y,A,01,0,1,0,0,0,0,0,0,0,"- ","- ",38.405998229980469,-122.21153259277344,NAPA,UNINCORPORATED,-122.21152496337891,38.405990600585938
91493762,2021,2021-06-10,9325,2021-05-19,1415,017559,,3,2,9,2800,0,1,3,,1,080,SR-128,"GREAVES RD",9504.00,E,N,A,-,Y,,,128,,,,,,,Y,1,1,3,2,A,-,05,21460,A,N,A,C,A,A,H,-,A,D,0,,,Y,,Y,,C,02,0,3,0,0,0,0,0,1,0,"- ","- ",38.509380340576172,-122.11164855957031,NAPA,UNINCORPORATED,-122.11165618896484,38.509403228759766
91494719,2021,2021-06-11,9325,2021-06-06,1415,021605,,7,2,9,2800,0,1,3,,1,013,SR-221,SR-29,1584.00,N,N,A,-,Y,,,221,,,,,,,N,4,0,1,2,A,-,03,22350,,N,C,C,A,A,H,-,A,D,0,,,,,Y,,A,01,0,0,1,0,0,0,0,0,0,"- ","- ",38.245361328125,-122.26940155029297,NAPA,UNINCORPORATED,-122.26943969726562,38.245349884033203
91494720,2021,2021-06-11,9325,2021-06-05,1325,021969,,6,1,9,2800,0,2,4,,2,032,"SILVERADO TRAIL",SR-128,0.00,,Y,A,-,N,,,,,,,,,,Y,3,0,5,2,A,-,09,21801,A,N,D,C,A,A,H,-,A,D,0,,,,,Y,Y,A,01,0,5,0,0,0,0,0,0,0,"- ","- ",38.511760711669922,-122.45578765869141,NAPA,UNINCORPORATED,-122.40440368652344,38.486915588378906
91497393,2021,2021-06-15,9325,2021-06-08,2022,019067,,2,2,9,2800,0,1,3,,1,081,SR-121,"CIRCLE OAKS DRIVE",10560.00,N,N,A,-,N,,,121,,,,,,,N,3,0,1,1,C,-,18,,,N,E,H,A,A,H,-,B,D,0,,,Y,,Y,,-,"- ",0,1,0,0,0,0,0,0,1,"- ","- ",38.433219909667969,-122.20542907714844,NAPA,UNINCORPORATED,-122.20542907714844,38.433219909667969
91498122,2021,2021-06-16,9325,2021-06-14,1857,017559,,1,2,9,2800,0,1,3,,1,013,"STATE ROUTE 221 N/B","ANDERSON RD",369.00,N,N,A,-,Y,,,221,,,,,,N,Y,3,0,1,1,A,-,01,23152,A,N,E,I,A,A,H,-,A,D,0,,,,,Y,Y,D,22,0,1,0,0,0,0,0,0,0,"- ","- ",38.251438140869141,-122.27079010009766,NAPA,UNINCORPORATED,-122.27085113525391,38.251422882080078
91501529,2021,2021-06-21,9325,2021-06-11,0637,018379,,5,1,5,2802,0,1,3,,1,013,SR-221,"NAPA VALLEY CORPORATE WAY",0.00,,Y,A,-,Y,,,221,,,,,,,Y,3,0,2,2,A,-,12,21453,A,N,D,2,A,A,H,-,A,A,0,,,,Y,Y,,G,75,0,2,0,0,0,0,0,0,0,"- ","- ",38.250358581542969,-122.27082061767578,NAPA,NAPA,-122.27080535888672,38.250362396240234
91502805,2021,2021-06-22,9325,2021-06-14,1145,015796,,1,1,9,2800,0,2,4,,1,082,"BERRYESSA KNOXVILLE ROAD",SR128,3300.00,N,N,A,-,N,,,,,,,,,,Y,3,0,1,1,A,-,03,22350,,N,E,I,A,A,H,-,A,D,0,,,,Y,Y,,F,27,0,1,0,0,0,0,0,0,0,"- ","- ",38.497798919677734,-122.24006652832031,NAPA,UNINCORPORATED,-122.24190521240234,38.497425079345703
91507563,2021,2021-06-28,9325,2021-06-18,1453,017746,,5,2,9,2800,0,1,3,,1,080,SR-128,"STEELE CANYON RD",4752.00,W,N,A,-,Y,,,128,,,,,,,Y,2,0,3,2,A,-,08,22107,,N,D,C,A,A,H,-,A,D,0,,,,,Y,,A,01,2,1,0,0,0,0,0,0,0,"- ","- ",38.454921722412109,-122.20993804931641,NAPA,UNINCORPORATED,-122.20994567871094,38.454910278320312
91508771,2021,2021-06-29,9325,2021-06-15,1215,014728,,2,1,9,2800,0,1,3,,1,013,"SR-221 S/B","KAISER RD.",150.00,N,N,A,-,Y,,,221,,,,,,S,N,4,0,2,2,A,-,03,22350,,N,C,C,A,A,H,-,A,A,0,,,,,Y,,D,22,0,0,2,0,0,0,0,0,0,"- ","- ",38.25836181640625,-122.27114105224609,NAPA,UNINCORPORATED,-122.27115631103516,38.25836181640625
91511049,2021,2021-07-01,9325,2021-06-23,1350,017746,,3,1,9,2800,0,1,3,,1,080,SR-128,"WRAGG CANYON RD",4752.00,W,N,A,-,Y,,,128,,,,,,,Y,3,0,1,2,A,-,08,22107,,N,D,C,A,A,H,-,A,D,0,,,,,Y,,A,01,0,1,0,0,0,0,0,0,0,"- ","- ",38.446620941162109,-122.15187835693359,NAPA,UNINCORPORATED,-122.15187835693359,38.446620941162109
91514552,2021,2021-07-07,9325,2021-06-26,1448,017746,,6,2,9,2800,0,1,3,,1,080,SR-128,SR-121,68.00,E,N,A,-,Y,,,128,,,,,,,Y,2,0,1,1,A,-,03,22350,,N,F,A,A,A,H,-,A,A,0,,,Y,,Y,,C,02,1,0,0,0,0,0,0,0,1,"- ","- ",38.445419311523438,-122.19609832763672,NAPA,UNINCORPORATED,-122.19611358642578,38.445392608642578
91516511,2021,2021-07-09,9325,2021-06-26,0659,018379,,6,1,9,2800,0,2,4,,2,032,"SILVERADO TRAIL","OAKVILLE CROSS ROAD",1584.00,S,N,A,-,N,,,,,,,,,,Y,3,0,2,1,A,-,01,23152,A,N,E,I,A,A,H,-,A,D,0,,,,,Y,Y,A,01,0,2,0,0,0,0,0,0,0,"- ","- ",38.452030181884766,-122.36151885986328,NAPA,UNINCORPORATED,-122.36135864257812,38.451911926269531
91519964,2021,2021-07-14,9325,2021-07-06,1745,020615,,2,2,5,2802,0,1,3,,1,022,"S/B SR-29","FIRST ST OVPS",2640.00,S,N,A,-,Y,,,29,,,,,,,Y,2,0,1,1,A,-,08,22107,,N,F,I,A,A,H,-,A,D,0,,,,,Y,,D,22,1,0,0,0,0,0,0,0,0,"- ","- ",38.295310974121094,-122.30196380615234,NAPA,NAPA,-122.30189514160156,38.295299530029297
91521186,2021,2021-07-15,9325,2021-07-08,1430,021005,,4,2,9,2800,0,3,5,,2,003,"DEER PARK RD","SANITARIUM RD",100.00,E,N,A,-,N,,,,,,,,,,N,4,0,1,2,A,-,03,22350,,M,G,B,E,A,G,-,A,A,0,Y,,,,Y,,A,07,0,0,1,0,1,0,0,0,0,"- ","- ",38.530628204345703,-122.47714996337891,NAPA,UNINCORPORATED,-122.47807312011719,38.530414581298828
91522237,2021,2021-07-16,9325,2021-07-04,1655,022560,,7,2,9,2800,0,3,5,,2,004,"PETRIFIED FOREST RD","FRANZ VALLEY SCHOOL RD",5808.00,W,N,A,-,N,,,,,,,,,,Y,2,0,4,2,A,-,05,21460,A,N,A,D,A,A,H,-,A,D,0,,,,,Y,,A,01,2,1,1,0,0,0,0,0,0,"- ","- ",38.575088500976562,-122.62368011474609,NAPA,UNINCORPORATED,-122.62345123291016,38.575386047363281
91523184,2021,2021-07-19,9325,2021-07-10,1343,021969,,6,1,9,2800,0,1,3,,1,011,"SR-29 N/B",SR-221,1056.00,S,N,A,-,Y,,,29,,,,,,N,Y,4,0,2,2,A,-,03,22350,,N,C,C,A,A,H,-,A,D,0,,,,,Y,,A,01,0,0,2,0,0,0,0,0,0,"- ","- ",38.239120483398438,-122.26614379882812,NAPA,UNINCORPORATED,-122.26609802246094,38.239166259765625
91528476,2021,2021-07-26,9325,2021-07-13,0700,015674,,2,1,9,2800,0,1,3,,1,044,SR29,"OLD LAWLEY TOLL RD",6336.00,N,N,A,-,Y,,,29,,,,,,,Y,3,0,1,1,A,-,08,22107,,N,E,I,A,A,H,-,A,D,0,,,,,Y,,E,22,0,1,0,0,0,0,0,0,0,"- ","- ",38.645660400390625,-122.59217071533203,NAPA,UNINCORPORATED,-122.5921630859375,38.645652770996094
91528798,2021,2021-07-26,9325,2021-07-01,0530,019590,,4,3,9,2800,0,1,3,,2,071,SR-121,"HAIRE LANE",4000.00,N,N,A,-,Y,,,121,,,,,,,Y,2,0,1,4,A,-,08,22107,,N,A,C,A,A,H,-,B,D,0,,,,,Y,,A,01,1,0,0,0,0,0,0,0,0,"- ","- ",38.256118774414062,-122.36350250244141,NAPA,UNINCORPORATED,-122.36350250244141,38.256145477294922
91530892,2021,2021-07-28,9325,2021-07-20,0250,020776,,2,3,9,2800,0,3,5,,2,002,"OAK KNOLL AVENUE","BIG RANCH RD",1500.00,E,N,A,-,N,,,,,,,,,,Y,4,0,1,2,A,-,06,21750,,N,C,C,A,A,H,-,D,D,0,,,,,Y,,A,01,0,0,1,0,0,0,0,0,0,"- ","- ",38.365589141845703,-122.30815887451172,NAPA,UNINCORPORATED,-122.30870056152344,38.365280151367188
91531416,2021,2021-07-29,9325,2021-07-24,1525,021969,,6,2,9,2800,0,1,3,,1,022,"SR-29 S/B","OAK KNOLL AVE",300.00,N,N,A,-,Y,,,29,,,,,,S,N,4,0,1,2,A,-,03,22350,,N,C,C,A,A,H,-,A,D,0,,,,,Y,,D,22,0,0,1,0,0,0,0,0,0,"- ","- ",38.35382080078125,-122.33193206787109,NAPA,UNINCORPORATED,-122.33194732666016,38.353813171386719
91532128,2021,2021-07-29,9325,2021-07-22,1135,015674,,4,1,9,2800,0,1,3,,1,011,SR29,"SOSCOL CREEK RD.",1000.00,N,N,A,-,Y,,,29,,,,,,,Y,4,0,1,2,A,-,03,22350,,N,C,C,A,A,H,-,A,D,0,,,,,Y,,A,01,0,0,1,0,0,0,0,0,0,"- ","- ",38.238849639892578,-122.26567077636719,NAPA,UNINCORPORATED,-122.26570129394531,38.238811492919922
91537162,2021,2021-08-05,9325,2021-07-26,1120,015674,,1,1,9,2800,0,3,5,,1,008,"BUTTS CANYON RD","SNELL VALLEY RD.",4752.00,S,N,A,-,N,,,,,,,,,,Y,2,0,1,1,A,-,08,22107,,N,E,I,A,A,H,-,A,D,0,,,Y,,Y,,C,02,1,0,0,0,0,0,0,0,1,"- ","- ",38.683120727539062,-122.44577026367188,NAPA,UNINCORPORATED,-122.44574737548828,38.682998657226562
91537180,2021,2021-08-05,9325,2021-07-26,1610,021005,,1,2,9,2800,0,1,3,,1,031,SR-29,SR-128,0.00,,Y,A,-,Y,,,29,,,,,,,Y,3,0,2,2,A,-,12,22450,A,N,D,C,A,A,H,-,A,A,0,,,,,Y,,A,01,0,1,1,0,0,0,0,0,0,"- ","- ",38.458728790283203,-122.42286682128906,NAPA,UNINCORPORATED,-122.42288970947266,38.458709716796875
91538714,2021,2021-08-06,9325,2021-07-28,1235,014728,,3,1,9,2800,0,1,3,,1,012,"SR-29 S/B",SR-12,150.00,N,N,A,-,Y,,,29,,,,,,S,N,4,0,1,2,A,-,21,22106,,N,C,C,A,A,H,-,A,A,0,,,,,Y,,A,08,0,0,1,0,0,0,0,0,0,"- ","- ",38.223678588867188,-122.25798797607422,NAPA,UNINCORPORATED,-122.258056640625,38.223674774169922
91541358,2021,2021-08-10,9325,2021-08-05,1550,021605,,4,2,9,2800,0,2,4,,2,032,"SILVERADO TRAIL","ZINFANDEL LANE",1056.00,S,N,A,-,Y,,,,,,,,,,Y,4,0,1,2,A,-,03,22350,,N,C,C,A,A,H,-,A,D,0,,,,,Y,,A,07,0,0,1,0,0,0,0,0,0,"- ","- ",38.492469787597656,-122.41645812988281,NAPA,UNINCORPORATED,-122.421630859375,38.495201110839844
91542309,2021,2021-08-11,9325,2021-08-10,1350,020615,,2,1,9,2800,0,3,5,,1,008,SR-29,"WOODEN VALLEY CROSS RD",2854.00,N,N,A,-,N,,,,,,,,,,Y,3,0,1,1,A,-,03,22350,,N,E,I,A,A,H,-,A,D,0,,,Y,,Y,,C,02,0,1,0,0,0,0,0,0,1,"- ","- ",38.383129119873047,-122.20021057128906,NAPA,UNINCORPORATED,,
91565290,2021,2021-09-08,9325,2021-08-30,1715,017559,,1,2,9,2800,0,1,3,,2,071,"STATE ROUTE 121","HAIRE LN",2112.00,N,N,A,-,Y,,,121,,,,,,,Y,2,0,2,2,A,-,08,22107,,N,E,I,A,A,H,-,A,D,0,,,,,Y,,A,01,2,0,0,0,0,0,0,0,0,"- ","- ",38.255970001220703,-122.36717224121094,NAPA,UNINCORPORATED,-122.36713409423828,38.255870819091797
91568440,2021,2021-09-13,9325,2021-08-29,1645,022560,,7,2,9,2800,0,3,5,,2,004,"POPE VALLEY RD","AETNA SPRINGS RD",1100.00,S,N,A,-,N,,,,,,,,,,Y,3,0,1,1,A,-,08,22107,,N,E,I,A,A,H,-,A,D,0,,,,,Y,,A,07,0,1,0,0,0,0,0,0,0,"- ","- ",38.650058746337891,-122.45818328857422,NAPA,UNINCORPORATED,-122.46372985839844,38.651744842529297
91568603,2021,2021-09-13,9325,2021-08-30,1255,017559,,1,1,9,2800,0,3,5,,2,002,"ATLAS PEAK RD","CLUB HOUSE DR",0.00,,Y,A,-,N,,,,,,,,,,Y,4,0,1,2,A,-,09,21801,A,N,D,C,A,A,H,-,A,A,0,,,,,Y,,A,01,0,0,1,0,0,0,0,0,0,"- ","- ",38.348281860351562,-122.26743316650391,NAPA,UNINCORPORATED,-122.26737976074219,38.348342895507812
91573043,2021,2021-09-17,9325,2021-09-05,0243,021449,,7,3,5,2802,0,1,3,,1,022,"STATE ROUTE 29","OLD SONOMA ROAD",1584.00,N,N,A,-,Y,,,29,,,,,,,Y,2,0,2,4,A,-,01,23152,A,N,E,8,A,A,H,-,C,D,0,,,,,Y,Y,A,01,2,0,0,0,0,0,0,0,0,"- ","- ",38.292579650878906,-122.30200958251953,NAPA,NAPA,-122.30207061767578,38.292579650878906
91573159,2021,2021-09-17,9325,2021-09-05,1110,020829,,7,1,9,2800,0,3,5,,2,007,"OAK KNOLL AVENUE","BIG RANCH ROAD",0.00,,Y,A,-,N,,,,,,,,,,Y,4,0,1,2,A,-,09,21802,A,N,D,C,A,A,H,-,A,A,0,,,,,Y,,A,01,0,0,1,0,0,0,0,0,0,"- ","- ",38.362339019775391,-122.3126220703125,NAPA,UNINCORPORATED,-122.31300354003906,38.362930297851562
91573238,2021,2021-09-17,9325,2021-09-06,1240,019411,,1,1,9,2800,0,1,3,,1,081,"S/B SR-121",SR-128,6864.00,S,N,A,-,N,,,121,,,,,,,Y,3,0,2,1,A,-,03,22350,,N,E,I,A,A,H,-,A,D,0,,,,,Y,,A,01,0,2,0,0,0,0,0,0,0,"- ","- ",38.431568145751953,-122.20778656005859,NAPA,UNINCORPORATED,-122.20771789550781,38.43157958984375