CASE_ID,ACCIDENT_YEAR,PROC_DATE,JURIS,COLLISION_DATE,COLLISION_TIME,OFFICER_ID,REPORTING_DISTRICT,DAY_OF_WEEK,CHP_SHIFT,POPULATION,CNTY_CITY_LOC,SPECIAL_COND,BEAT_TYPE,CHP_BEAT_TYPE,CITY_DIVISION_LAPD,CHP_BEAT_CLASS,BEAT_NUMBER,PRIMARY_RD,SECONDARY_RD,DISTANCE,DIRECTION,INTERSECTION,WEATHER_1,WEATHER_2,STATE_HWY_IND,CALTRANS_COUNTY,CALTRANS_DISTRICT,STATE_ROUTE,ROUTE_SUFFIX,POSTMILE_PREFIX,POSTMILE,LOCATION_TYPE,RAMP_INTERSECTION,SIDE_OF_HWY,TOW_AWAY,COLLISION_SEVERITY,NUMBER_KILLED,NUMBER_INJURED,PARTY_COUNT,PRIMARY_COLL_FACTOR,PCF_CODE_OF_VIOL,PCF_VIOL_CATEGORY,PCF_VIOLATION,PCF_VIOL_SUBSECTION,HIT_AND_RUN,TYPE_OF_COLLISION,MVIW,PED_ACTION,ROAD_SURFACE,ROAD_COND_1,ROAD_COND_2,LIGHTING,CONTROL_DEVICE,CHP_ROAD_TYPE,PEDESTRIAN_ACCIDENT,BICYCLE_ACCIDENT,MOTORCYCLE_ACCIDENT,TRUCK_ACCIDENT,NOT_PRIVATE_PROPERTY,ALCOHOL_INVOLVED,STWD_VEHTYPE_AT_FAULT,CHP_VEHTYPE_AT_FAULT,COUNT_SEVERE_INJ,COUNT_VISIBLE_INJ,COUNT_COMPLAINT_PAIN,COUNT_PED_KILLED,COUNT_PED_INJURED,COUNT_BICYCLIST_KILLED,COUNT_BICYCLIST_INJURED,COUNT_MC_KILLED,COUNT_MC_INJURED,PRIMARY_RAMP,SECONDARY_RAMP,LATITUDE,LONGITUDE,COUNTY,CITY,POINT_X,POINT_Y
91574048,2021,2021-09-20,9325,2021-09-08,1154,015796,,3,1,9,2800,0,3,5,,2,001,"BIG RANCH ROAD","EL CENTRO AVE",0.00,,Y,A,-,N,,,,,,,,,,Y,3,0,2,2,A,-,03,22350,,N,C,C,A,A,H,-,A,D,0,,,,,Y,,A,01,0,1,1,0,0,0,0,0,0,"- ","- ",38.342060089111328,-122.29805755615234,NAPA,UNINCORPORATED,-122.29806518554688,38.342033386230469
91574597,2021,2021-09-20,9325,2021-09-09,1550,019411,,4,2,9,2800,0,2,4,,2,032,"S/B SILVERADO TRAIL","SKELLENGER LN",3696.00,N,N,A,-,N,,,,,,,,,,Y,3,0,2,1,A,-,08,22107,,N,F,I,A,A,H,-,A,D,0,,,,,Y,,D,22,0,2,0,0,0,0,0,0,0,"- ","- ",38.472011566162109,-122.38398742675781,NAPA,UNINCORPORATED,-122.38421630859375,38.472373962402344
91574617,2021,2021-09-20,9325,2021-09-10,1143,021969,,5,1,9,2800,0,1,3,,1,031,SR-29,SR-128,12.00,S,N,B,-,Y,,,29,,,,,,,Y,4,0,1,2,A,-,09,21802,A,N,D,C,A,A,H,-,A,A,0,,,,,Y,,A,07,0,0,1,0,0,0,0,0,0,"- ","- ",38.458671569824219,-122.42273712158203,NAPA,UNINCORPORATED,-122.42279815673828,38.458614349365234
91575163,2021,2021-09-21,9325,2021-09-08,1730,019411,,3,2,9,2800,0,1,3,,1,013,"N/B SR-221","STREBLOW DR",2112.00,S,N,A,-,Y,,,221,,,,,,,Y,3,0,2,2,A,-,03,22350,,N,D,C,A,A,H,-,A,D,0,,,,,Y,,A,01,0,2,0,0,0,0,0,0,0,"- ","- ",38.264579772949219,-122.27089691162109,NAPA,UNINCORPORATED,-122.27082061767578,38.264583587646484
91576703,2021,2021-09-22,9325,2021-09-14,0845,015796,,2,1,9,2800,0,1,3,,1,012,SR-12,"KIRKLAND RANCH RD",300.00,W,N,A,-,Y,,,12,,,,,,,N,3,0,1,2,C,-,18,,,N,H,A,A,A,H,-,A,D,0,,,Y,Y,Y,,-,"- ",0,1,0,0,0,0,0,0,1,"- ","- ",38.221298217773438,-122.23757171630859,NAPA,UNINCORPORATED,-122.23757934570312,38.221271514892578
91578765,2021,2021-09-24,9325,2021-09-17,1845,021605,,5,2,9,2800,0,3,5,,2,005,"SPRING MOUNTAIN RD","LANGTRY RD",7920.00,E,N,A,-,N,,,,,,,,,,Y,4,0,1,2,A,-,03,22350,,N,B,C,A,A,H,-,A,D,0,,,,,Y,,A,01,0,0,1,0,0,0,0,0,0,"- ","- ",38.514938354492188,-122.5064697265625,NAPA,UNINCORPORATED,-122.50688171386719,38.514816284179688
91580315,2021,2021-09-27,9325,2021-09-12,2010,021083,,7,2,9,2800,0,2,4,,1,023,"SILVERADO TRAIL","YOUNTVILLE CROSS RD",4224.00,S,N,A,-,N,,,,,,,,,,Y,3,0,2,2,A,-,09,21804,A,N,D,C,A,A,H,-,D,D,0,,,,,Y,,A,07,0,2,0,0,0,0,0,0,0,"- ","- ",38.417339324951172,-122.33676910400391,NAPA,UNINCORPORATED,-122.33688354492188,38.417110443115234
91581314,2021,2021-09-28,9325,2021-09-17,1610,019775,,5,2,9,2800,0,3,5,,1,008,"STATE ROUTE 121","WOODEN VALLEY ROAD",1056.00,S,N,A,-,N,,,121,,,,,,,Y,3,0,1,1,A,-,08,22107,,N,E,I,A,A,H,-,A,D,0,,,Y,,Y,,C,02,0,1,0,0,0,0,0,0,1,"- ","- ",38.375080108642578,-122.20388793945312,NAPA,UNINCORPORATED,-122.20368957519531,38.37481689453125
91581436,2021,2021-09-28,9325,2021-09-18,1040,021382,,6,1,9,2800,0,1,3,,1,053,SR-29,"OLD LAWLEY TOLL RD",3168.00,S,N,C,-,Y,,,29,,,,,,,N,3,0,1,1,A,-,03,22350,,N,E,I,A,B,H,-,A,D,0,,,Y,,Y,,C,02,0,1,0,0,0,0,0,0,1,"- ","- ",38.636569976806641,-122.60140228271484,NAPA,UNINCORPORATED,-122.60150146484375,38.636650085449219
91581473,2021,2021-09-28,9325,2021-09-18,2230,021081,,6,3,9,2800,0,1,3,,1,013,"S/B SR-221","NAPA VALLEY CORPORATE WAY",1584.00,S,N,B,-,Y,,,221,,,,,,,Y,4,0,2,3,A,-,03,22350,,N,C,C,A,A,H,-,D,D,0,,,,,Y,,A,07,0,0,2,0,0,0,0,0,0,"- ","- ",38.245410919189453,-122.26946258544922,NAPA,UNINCORPORATED,-122.26945495605469,38.245410919189453
91581942,2021,2021-09-29,9325,2021-03-15,1012,015674,,1,1,9,2800,0,1,3,,1,041,SR29,"LARKMEAD LN",1200.00,S,N,A,-,Y,,,29,,,,,,,Y,1,2,1,2,A,-,01,23152,F,N,A,C,A,A,H,-,A,D,0,,,,,Y,,A,01,1,0,0,0,0,0,0,0,0,"- ","- ",38.553089141845703,-122.52142333984375,NAPA,UNINCORPORATED,-122.52142333984375,38.553070068359375
91583077,2021,2021-09-29,9325,2021-09-21,1555,017478,,2,2,9,2800,0,1,3,,1,022,SR-29,"OAK KNOLL AVE",75.00,N,N,A,-,Y,,,29,,,,,,,N,4,0,2,2,A,-,03,22350,,N,C,C,A,A,H,-,A,D,0,,,,,Y,,D,22,0,0,2,0,0,0,0,0,0,"- ","- ",38.35321044921875,-122.33161163330078,NAPA,UNINCORPORATED,-122.33161926269531,38.353202819824219
91583095,2021,2021-09-29,9325,2021-09-22,1015,015796,,3,1,9,2800,0,1,3,,1,011,"SR-29 S/B","AIRPORT BLVD",485.00,N,N,A,-,Y,,,29,,,,,,S,Y,4,0,1,4,A,-,03,22350,,N,C,C,A,A,H,-,A,D,0,,,,,Y,,A,08,0,0,1,0,0,0,0,0,0,"- ","- ",38.224601745605469,-122.25807952880859,NAPA,UNINCORPORATED,-122.25814056396484,38.224594116210938
91583099,2021,2021-09-29,9325,2021-09-22,1420,019411,,3,2,9,2800,0,2,4,,2,032,"SILVERADO TRL N","PRATT AVE",50.00,S,N,A,-,N,,,,,,,,,,Y,4,0,1,3,A,-,03,22350,,N,C,C,A,A,H,-,A,D,0,,,,,Y,,A,01,0,0,1,0,0,0,0,0,0,"- ","- ",38.520790100097656,-122.47238159179688,NAPA,UNINCORPORATED,-122.472412109375,38.5208740234375
91583475,2021,2021-09-30,9325,2021-09-28,1630,019411,,2,2,9,2800,0,1,3,,1,031,"SR-29 S/B","WASHINGTON ST",1584.00,S,N,A,-,Y,,,29,,,,,,S,Y,4,0,3,2,A,-,03,22350,,N,C,C,A,A,H,-,A,D,0,,,,,Y,,A,01,0,0,3,0,0,0,0,0,0,"- ","- ",38.409351348876953,-122.37654113769531,NAPA,UNINCORPORATED,-122.37653350830078,38.409358978271484
91583736,2021,2021-09-30,9325,2021-06-08,1703,021083,,2,2,9,2800,0,1,3,,1,041,SR-29,"DIAMOND MOUNTAIN RD",528.00,N,N,A,-,Y,,,29,,,,,,,Y,1,1,2,1,A,-,08,22107,,N,E,I,A,A,H,-,A,D,0,,,,,Y,,A,07,1,1,0,0,0,0,0,0,0,"- ","- ",38.569469451904297,-122.56652069091797,NAPA,UNINCORPORATED,-122.56661224365234,38.56939697265625
91586720,2021,2021-10-04,9325,2021-10-01,1045,020829,,5,1,9,2800,0,3,5,,2,006,"SR-29 N/B",SR-12,40.00,S,N,A,-,Y,,,29,,,,,,N,N,3,0,1,2,A,-,03,22350,,F,B,C,A,A,H,-,A,D,0,,,Y,,Y,,C,02,0,1,0,0,0,0,0,0,1,"- ","- ",38.222648620605469,-122.25778198242188,NAPA,UNINCORPORATED,-122.25775146484375,38.222652435302734
91587211,2021,2021-10-04,9325,2021-09-21,1245,018379,,2,1,9,2800,0,3,5,,2,002,"SALVADOR AVE","BIG RANCH ROAD",0.00,,Y,A,-,N,,,,,,,,,,Y,3,0,2,2,A,-,12,22450,A,N,D,C,A,A,H,-,A,A,0,,,,,Y,,D,22,0,2,0,0,0,0,0,0,0,"- ","- ",38.349071502685547,-122.30330657958984,NAPA,UNINCORPORATED,-122.30335998535156,38.349079132080078
91590786,2021,2021-10-07,9325,2021-09-27,1100,015674,,1,1,9,2800,0,1,3,,1,013,SR221,"ANDERSON RD.",68.00,S,N,A,-,Y,,,221,,,,,,,N,4,0,1,2,A,-,21,22106,,N,C,C,A,A,H,-,A,A,0,,,,,Y,,D,22,0,0,1,0,0,0,0,0,0,"- ","- ",38.250068664550781,-122.27046203613281,NAPA,UNINCORPORATED,-122.27046966552734,38.250068664550781
91590789,2021,2021-10-07,9325,2021-09-28,0655,018379,,2,1,9,2800,0,1,3,,1,031,SR-29,"RUTHERFORD ROAD",1320.00,N,N,A,-,Y,,,29,,,,,,,Y,3,0,1,2,A,-,04,21703,,N,C,C,A,A,H,-,A,D,0,,,,,Y,,A,01,0,1,0,0,0,0,0,0,0,"- ","- ",38.461978912353516,-122.42537689208984,NAPA,UNINCORPORATED,-122.42545318603516,38.461929321289062
91591800,2021,2021-10-08,9325,2021-08-21,1048,020829,,6,1,9,2800,0,1,3,,1,022,"N/B SR-121","WILD HORSE VALLEY ROAD",2112.00,S,N,A,-,Y,,,121,,,,,,,Y,1,1,0,2,A,-,05,21460,A,N,A,C,A,A,H,-,A,D,0,,,Y,,Y,,C,02,0,0,0,0,0,0,0,1,0,"- ","- ",38.355350494384766,-122.21028900146484,NAPA,UNINCORPORATED,-122.21028900146484,38.355354309082031
91591812,2021,2021-10-08,9325,2021-09-29,0814,015674,,3,1,9,2800,0,1,3,,1,012,SR12,"KIRKLAND RANCH RD.",1795.00,E,N,A,-,Y,,,12,,,,,,,Y,2,0,1,2,A,-,03,22350,,N,B,C,A,A,H,-,A,D,0,,,Y,,Y,,C,02,1,0,0,0,0,0,0,0,1,"- ","- ",38.214199066162109,-122.21650695800781,NAPA,UNINCORPORATED,-122.21654510498047,38.214061737060547
91594380,2021,2021-10-12,9325,2021-10-06,0215,020776,,3,3,9,2800,0,1,3,,1,022,"SR-29 S/B","OAK KNOLL AVE",1954.00,S,N,A,-,Y,,,29,,,,,,S,Y,4,0,1,2,A,-,01,23152,A,N,C,C,A,A,H,-,D,D,0,,,,,Y,Y,A,01,0,0,1,0,0,0,0,0,0,"- ","- ",38.349189758300781,-122.32958984375,NAPA,UNINCORPORATED,-122.32952880859375,38.349220275878906
91599537,2021,2021-10-18,9365,2021-10-10,2130,022066,,7,2,9,2800,0,2,4,,1,032,"I-80 E/B","AMERICAN CANYON RD",6336.00,W,N,B,-,Y,,,80,,,,,,E,Y,3,0,1,2,A,-,07,21658,A,N,B,C,A,A,H,-,D,D,0,,,,,Y,Y,A,07,0,1,0,0,0,0,0,0,0,"- ","- ",38.156429290771484,-122.21392822265625,NAPA,UNINCORPORATED,-122.21372222900391,38.156288146972656
91599577,2021,2021-10-18,9365,2021-10-14,1350,020566,,4,1,9,2800,0,2,4,,1,032,"AMERICAN CANYON RD.","CANYON ROAD",1584.00,N,N,A,-,N,,,,,,,,,,N,4,0,2,2,A,-,03,22350,,N,C,C,A,A,H,-,A,D,0,,,,,Y,,A,07,0,0,2,0,0,0,0,0,0,"- ","- ",38.163619995117188,-122.22666931152344,NAPA,UNINCORPORATED,-122.20697021484375,38.167926788330078
91601324,2021,2021-10-20,9325,2021-10-09,1500,021605,,6,2,9,2800,0,1,3,,1,044,SR-29,"UPPER OLD LAWLEY TOLL ROAD",7392.00,N,N,A,-,Y,,,29,,,,,,,Y,3,0,1,1,A,-,08,22107,,N,E,I,A,A,H,-,A,D,0,,,Y,,Y,,C,02,0,1,0,0,0,0,0,0,1,"- ","- ",38.646511077880859,-122.5906982421875,NAPA,UNINCORPORATED,-122.59072875976562,38.64642333984375
91602184,2021,2021-10-21,9325,2021-10-09,2005,019847,,6,2,9,2800,0,1,S,,2,024,SR-29,"FIRST STREET",335.00,S,N,A,-,Y,,,,,,,,,,Y,2,0,1,2,A,-,08,22107,,N,E,C,A,A,H,-,C,D,0,,,Y,,Y,,C,02,1,0,0,0,0,0,0,0,1,"- ","- ",38.298999786376953,-122.30357360839844,NAPA,UNINCORPORATED,-122.3023681640625,38.299037933349609
91602205,2021,2021-10-21,9325,2021-10-10,1835,021605,,7,2,9,2800,0,3,5,,2,007,"DUHIG ROAD",SR-121,1056.00,S,N,A,-,N,,,,,,,,,,Y,4,0,1,2,A,-,09,21804,A,N,D,C,A,A,H,-,A,D,0,,,,,Y,,A,01,0,0,1,0,0,0,0,0,0,"- ","- ",38.254539489746094,-122.35167694091797,NAPA,UNINCORPORATED,-122.34999084472656,38.254863739013672
91602215,2021,2021-10-21,9325,2021-10-12,0900,015674,,2,1,9,2800,0,1,3,,1,031,SR29,"YOUNT MILL RD.",20.00,N,N,A,-,Y,,,29,,,,,,,Y,3,0,1,2,A,-,03,22350,,N,C,C,A,A,H,-,A,D,0,,,,Y,Y,,D,22,0,1,0,0,0,0,0,0,0,"- ","- ",38.422721862792969,-122.39034271240234,NAPA,UNINCORPORATED,-122.39040374755859,38.422672271728516
91603560,2021,2021-10-22,9325,2021-10-15,0607,021969,,5,1,9,2800,0,1,3,,1,011,"SR-29 N/B",SR-221,1320.00,S,N,A,-,Y,,,29,,,,,,N,Y,4,0,1,3,A,-,03,22350,,N,C,C,A,A,H,-,D,D,0,,,,,Y,,A,07,0,0,1,0,0,0,0,0,0,"- ","- ",38.23870849609375,-122.26569366455078,NAPA,UNINCORPORATED,-122.26564788818359,38.238761901855469
91608440,2021,2021-10-28,9325,2021-10-14,2000,021005,,4,2,9,2800,0,3,5,,2,004,"BUTTS CANYON RD","SNELL VALLEY ROAD",2112.00,N,N,A,-,N,,,,,,,,,,Y,3,0,1,1,A,-,08,22107,,N,E,I,A,A,H,-,A,D,0,,,,,Y,Y,A,01,0,1,0,0,0,0,0,0,0,"- ","- ",38.699001312255859,-122.46987152099609,NAPA,UNINCORPORATED,-122.45026397705078,38.699207305908203
91608801,2021,2021-10-28,9325,2021-10-19,0835,015674,,2,1,9,2800,0,1,3,,1,013,SR221,"MAGNOLIA AVE",20.00,S,N,B,-,Y,,,221,,,,,,,Y,4,0,2,2,A,-,03,22350,,N,C,C,A,B,H,-,A,A,0,,,,,Y,,A,01,0,0,2,0,0,0,0,0,0,"- ","- ",38.278049468994141,-122.27369689941406,NAPA,UNINCORPORATED,-122.27363586425781,38.278068542480469
91613569,2021,2021-11-02,9325,2021-10-20,1025,017538,,3,1,9,2800,0,1,3,,1,044,SR-29,"OLD LAWLEY TOLL RD.",13200.00,S,N,C,-,Y,,,29,,,,,,,Y,3,0,1,2,A,-,03,22350,,N,D,2,A,B,H,-,A,D,0,,,,,Y,Y,D,22,0,1,0,0,0,0,0,0,0,"- ","- ",38.613441467285156,-122.59691619873047,NAPA,UNINCORPORATED,-122.59691619873047,38.613430023193359
91613804,2021,2022-08-24,9325,2021-10-21,1415,021605,,4,2,9,2800,0,1,3,,1,022,"SR-29 SOUTHBOUND","FIRST STREET OVERCROSSING",800.00,S,N,B,C,Y,,,,,,,,,,Y,3,0,1,2,A,-,09,21804,A,N,B,C,A,B,H,-,A,D,0,,,,Y,Y,,A,01,0,1,0,0,0,0,0,0,0,"- ","- ",38.297859191894531,-122.30233001708984,NAPA,UNINCORPORATED,-122.30223083496094,38.297679901123047
91614467,2021,2021-11-03,9325,2021-10-25,1330,019864,,1,1,9,2800,0,3,5,,2,003,"OAKVILLE GRADE",SR-29,10560.00,W,N,A,-,N,,,,,,,,,,Y,2,0,2,1,A,-,03,22350,,N,F,A,A,A,H,-,A,D,0,,,,Y,Y,,F,27,2,0,0,0,0,0,0,0,0,"- ","- ",38.421970367431641,-122.41712951660156,NAPA,UNINCORPORATED,-122.42716979980469,38.420589447021484
91616195,2021,2021-11-04,9325,2021-10-27,1535,019864,,3,2,9,2800,0,1,3,,1,044,SR-29,"TUBBS LANE",36960.00,N,N,B,-,Y,,,,,,,,,,Y,3,0,1,1,A,-,03,22350,,N,F,A,A,B,H,-,A,D,0,,,Y,,Y,,C,02,0,1,0,0,0,0,0,0,1,"- ","- ",38.626911163330078,-122.59754180908203,NAPA,UNINCORPORATED,-122.59925842285156,38.661590576171875
91616316,2021,2021-11-04,9325,2021-10-28,2120,019067,,4,2,9,2800,0,2,4,,1,023,"SILVERADO TRAIL","OAK KNOLL AVE",11616.00,N,N,A,-,N,,,,,,,,,,Y,2,0,1,1,A,-,01,23152,A,N,E,I,A,A,H,-,D,D,0,,,,,Y,Y,A,07,1,0,0,0,0,0,0,0,0,"- ","- ",38.400390625,-122.32705688476562,NAPA,UNINCORPORATED,-122.32365417480469,38.396369934082031
91619749,2021,2021-11-09,9325,2021-11-07,0055,021449,,7,3,9,2800,0,1,3,,1,041,"STATE ROUTE 29","PETERSON DR.",150.00,N,N,A,-,Y,,,29,,,,,,,Y,4,0,1,1,A,-,08,22107,,N,E,8,A,A,H,-,D,D,0,,,,,Y,,A,01,0,0,1,0,0,0,0,0,0,"- ","- ",38.557651519775391,-122.53254699707031,NAPA,UNINCORPORATED,-122.53266143798828,38.557415008544922
91620012,2021,2021-11-09,9325,2021-10-29,0708,022560,,5,1,9,2800,0,1,3,,1,011,SR-29,"SOSCOL FERRY RD",500.00,S,N,A,-,Y,,,29,,,,,,,Y,4,0,1,3,A,-,03,22350,,M,C,C,A,A,H,-,B,D,0,,,,,Y,,A,01,0,0,1,0,0,0,0,0,0,"- ","- ",38.239849090576172,-122.26705932617188,NAPA,UNINCORPORATED,-122.26712036132812,38.239780426025391
91628270,2021,2021-11-18,9325,2021-11-10,0745,017538,,3,1,9,2800,0,1,3,,1,044,SR-29,"OLD LAWLEY TOLL RD.",29.00,N,N,E,-,Y,,,29,,,,,,,Y,2,0,1,1,A,-,08,22107,,N,F,A,A,B,H,-,A,D,0,,,,,Y,,D,22,1,0,0,0,0,0,0,0,0,"- ","- ",38.640251159667969,-122.59649658203125,NAPA,UNINCORPORATED,-122.59644317626953,38.640426635742188
91628291,2021,2021-11-18,9325,2021-11-10,1325,017559,,3,1,9,2800,0,1,3,,1,011,"SR-29 S/B",SR-12,84.00,N,N,A,-,Y,,,29,,,,,,S,Y,3,0,2,2,A,-,03,22350,,N,C,C,A,A,H,-,A,A,0,,,,,Y,,A,01,0,2,0,0,0,0,0,0,0,"- ","- ",38.223468780517578,-122.25792694091797,NAPA,UNINCORPORATED,-122.25804138183594,38.223461151123047
91628506,2021,2021-11-18,9325,2021-11-11,1325,017559,,4,1,9,2800,0,1,3,,1,011,SR-29,SR-12,0.00,,Y,A,-,Y,,,29,,,,,,,Y,3,0,1,3,A,-,12,21453,A,N,D,C,A,A,H,-,A,A,0,,,,,Y,,D,22,0,1,0,0,0,0,0,0,0,"- ","- ",38.223171234130859,-122.25775909423828,NAPA,UNINCORPORATED,-122.25778198242188,38.223167419433594
91632206,2021,2021-11-22,9325,2021-11-16,1535,017559,,2,2,9,2800,0,1,3,,1,011,SR-29,SR-12,320.00,S,N,A,-,Y,,,29,,,,,,,N,3,0,1,2,A,-,03,22350,,N,C,C,A,A,H,-,A,A,0,,,,,Y,,M,47,0,1,0,0,0,0,0,0,0,"- ","- ",38.222110748291016,-122.25773620605469,NAPA,UNINCORPORATED,-122.25770568847656,38.222114562988281
91632932,2021,2021-11-23,9325,2021-11-21,1110,018379,,7,1,9,2800,0,1,3,,1,081,SR-121,SR-128,100.00,W,N,A,-,N,,,121,,,,,,,Y,3,0,1,1,A,-,03,22350,,N,E,J,A,A,H,-,A,D,0,,,Y,,Y,,C,02,0,1,0,0,0,0,0,0,1,"- ","- ",38.445579528808594,-122.19706726074219,NAPA,UNINCORPORATED,-122.19706726074219,38.445556640625
91636341,2021,2021-11-29,9325,2021-11-17,0805,015176,,3,1,9,2800,0,3,5,,2,002,"OAK KNOLL AVE","SILVERADO TRAIL",0.00,,Y,A,-,N,,,,,,,,,,Y,4,0,1,2,A,-,09,21801,A,N,D,C,A,A,H,-,A,A,0,,,,,Y,,A,07,0,0,1,0,0,0,0,0,0,"- ","- ",38.370059967041016,-122.30097198486328,NAPA,UNINCORPORATED,-122.30091857910156,38.369987487792969
91636345,2021,2021-11-29,9325,2021-11-18,1730,017559,,4,2,9,2800,0,1,3,,1,013,"SR-221 S/B","NAPA VALLEY CORPORATE WAY",1542.00,S,N,B,-,Y,,,,,,,,,,Y,3,0,1,2,A,-,03,22350,,N,C,C,A,A,H,-,B,D,0,,,,,Y,,A,01,0,1,0,0,0,0,0,0,0,"- ","- ",38.216060638427734,-122.26992797851562,NAPA,UNINCORPORATED,-122.26967620849609,38.246223449707031
91638046,2021,2021-11-30,9325,2021-11-21,1315,021005,,7,1,9,2800,0,1,3,,1,080,SR-121,"WATERS ROAD",1056.00,S,N,A,-,Y,,,121,,,,,,,N,2,0,1,1,A,-,08,22107,,N,E,I,A,A,H,-,A,D,0,,,Y,,Y,,C,02,1,0,0,0,0,0,0,0,1,"- ","- ",38.395538330078125,-122.20490264892578,NAPA,UNINCORPORATED,-122.20402526855469,38.395736694335938
91641907,2021,2021-12-03,9325,2021-11-27,1415,021083,,6,2,5,2802,0,1,3,,1,022,SR-29,"IMOLA AVE",50.00,N,N,A,-,Y,,,29,,,,,,,Y,3,0,1,2,A,-,03,22350,,N,C,C,A,A,H,-,A,D,0,,,,,Y,,A,01,0,1,0,0,0,0,0,0,0,"- ","- ",38.282039642333984,-122.30043029785156,NAPA,NAPA,-122.30046081542969,38.282039642333984
91641993,2021,2021-12-03,9325,2021-11-27,2300,022397,,6,3,9,2800,0,1,3,,1,044,SR-29,"OLD LAWLEY TOLL ROAD",7392.00,S,N,B,-,Y,,,29,,,,,,,N,4,0,3,2,A,-,03,22350,,M,C,2,A,A,H,-,D,D,0,,,,,Y,,-,99,0,0,3,0,0,0,0,0,0,"- ","- ",38.626930236816406,-122.60224914550781,NAPA,UNINCORPORATED,-122.60219573974609,38.626953125
91647499,2021,2021-12-09,9325,2021-11-30,1609,017559,,2,2,9,2800,0,3,5,,2,002,"OAK KNOLL AVE","SOLANO AVE",18.00,E,N,A,-,N,,,,,,,,,,N,3,0,1,2,A,-,08,22107,,N,D,G,A,A,H,-,B,A,0,,Y,,,Y,Y,A,01,0,1,0,0,0,0,1,0,0,"- ","- ",38.352909088134766,-122.33187103271484,NAPA,UNINCORPORATED,-122.33193206787109,38.352916717529297
91650546,2021,2021-12-13,9325,2021-12-07,2235,020776,,2,3,9,2800,0,1,3,,1,044,SR-29,"OLD LAWLEY TOLL RD",11088.00,N,N,B,-,Y,,,29,,,,,,,Y,3,0,1,1,A,-,08,22107,,N,F,A,A,A,H,-,D,D,0,,,,,Y,,A,01,0,1,0,0,0,0,0,0,0,"- ","- ",38.649078369140625,-122.59687042236328,NAPA,UNINCORPORATED,-122.59690093994141,38.649032592773438
91653833,2021,2021-12-16,9325,2021-12-09,2200,020776,,4,3,9,2800,0,1,3,,1,044,SR-29,"OLD LAWLEY TOLL RD",17688.00,N,N,A,-,Y,,,29,,,,,,,Y,3,0,1,1,A,-,08,22107,,N,E,I,A,A,H,-,D,D,0,,,,,Y,,A,01,0,1,0,0,0,0,0,0,0,"- ","- ",38.660350799560547,-122.59854888916016,NAPA,UNINCORPORATED,-122.59847259521484,38.660415649414062
91655000,2021,2021-12-17,9325,2021-12-15,1705,017559,,3,2,9,2800,0,1,3,,1,081,SR-121,"WOODEN VALLEY RD",1300.00,N,N,C,-,Y,,,121,,,,,,,Y,3,0,2,2,A,-,01,23152,A,N,D,C,A,B,H,-,D,D,0,,,,,Y,Y,A,01,0,2,0,0,0,0,0,0,0,"- ","- ",38.379451751708984,-122.19988250732422,NAPA,UNINCORPORATED,-122.19985198974609,38.379447937011719
91656504,2021,2021-12-20,9325,2021-12-09,1227,015176,,4,1,9,2800,0,1,3,,1,013,"SR-221 N/B","MAGNOLIA DR",160.00,N,N,A,-,Y,,,221,,,,,,N,N,4,0,1,3,A,-,03,22350,,N,C,C,A,A,H,-,A,D,0,,,,,Y,,D,23,0,0,1,0,0,0,0,0,0,"- ","- ",38.278949737548828,-122.27381134033203,NAPA,UNINCORPORATED,-122.27383422851562,38.278945922851562