CASE_ID,ACCIDENT_YEAR,PROC_DATE,JURIS,COLLISION_DATE,COLLISION_TIME,OFFICER_ID,REPORTING_DISTRICT,DAY_OF_WEEK,CHP_SHIFT,POPULATION,CNTY_CITY_LOC,SPECIAL_COND,BEAT_TYPE,CHP_BEAT_TYPE,CITY_DIVISION_LAPD,CHP_BEAT_CLASS,BEAT_NUMBER,PRIMARY_RD,SECONDARY_RD,DISTANCE,DIRECTION,INTERSECTION,WEATHER_1,WEATHER_2,STATE_HWY_IND,CALTRANS_COUNTY,CALTRANS_DISTRICT,STATE_ROUTE,ROUTE_SUFFIX,POSTMILE_PREFIX,POSTMILE,LOCATION_TYPE,RAMP_INTERSECTION,SIDE_OF_HWY,TOW_AWAY,COLLISION_SEVERITY,NUMBER_KILLED,NUMBER_INJURED,PARTY_COUNT,PRIMARY_COLL_FACTOR,PCF_CODE_OF_VIOL,PCF_VIOL_CATEGORY,PCF_VIOLATION,PCF_VIOL_SUBSECTION,HIT_AND_RUN,TYPE_OF_COLLISION,MVIW,PED_ACTION,ROAD_SURFACE,ROAD_COND_1,ROAD_COND_2,LIGHTING,CONTROL_DEVICE,CHP_ROAD_TYPE,PEDESTRIAN_ACCIDENT,BICYCLE_ACCIDENT,MOTORCYCLE_ACCIDENT,TRUCK_ACCIDENT,NOT_PRIVATE_PROPERTY,ALCOHOL_INVOLVED,STWD_VEHTYPE_AT_FAULT,CHP_VEHTYPE_AT_FAULT,COUNT_SEVERE_INJ,COUNT_VISIBLE_INJ,COUNT_COMPLAINT_PAIN,COUNT_PED_KILLED,COUNT_PED_INJURED,COUNT_BICYCLIST_KILLED,COUNT_BICYCLIST_INJURED,COUNT_MC_KILLED,COUNT_MC_INJURED,PRIMARY_RAMP,SECONDARY_RAMP,LATITUDE,LONGITUDE,COUNTY,CITY,POINT_X,POINT_Y
91656774,2021,2021-12-20,9365,2021-12-08,1700,018803,,3,2,9,2800,0,2,4,,1,032,"AMERICAN CANYON RD",I-80,1056.00,N,N,C,-,N,,,,,,,,,,Y,4,0,1,2,A,-,08,22103,,N,D,C,A,B,H,-,D,D,0,,,,,Y,,A,01,0,0,1,0,0,0,0,0,0,"- ","- ",38.167530059814453,-122.20996856689453,NAPA,UNINCORPORATED,-122.20252227783203,38.168163299560547
91658433,2021,2021-12-22,9325,2021-12-10,1805,021645,,5,2,9,2800,0,1,3,,1,044,SR-29,"OLD LAWLEY TOLL RD",6547.00,S,N,A,-,Y,,,29,,,,,,,Y,2,0,2,2,A,-,05,21460,A,N,A,C,A,A,H,-,D,D,0,,,,,Y,,A,07,2,0,0,0,0,0,0,0,0,"- ","- ",38.627418518066406,-122.60236358642578,NAPA,UNINCORPORATED,-122.60234832763672,38.627418518066406
91658595,2021,2021-12-22,9365,2021-12-14,0010,018192,,2,3,9,2800,0,2,4,,1,032,"AMERCAN CANYON ROAD (2100 BLOCK)","VIA FIRENZE",2640.00,S,N,B,C,N,,,,,,,,,,Y,4,0,1,1,A,-,21,22106,,N,E,I,A,B,H,-,D,D,0,,,,,Y,Y,A,01,0,0,1,0,0,0,0,0,0,"- ","- ",38.095199584960938,-122.12490081787109,NAPA,UNINCORPORATED,-122.23615264892578,38.164211273193359
91659870,2021,2021-12-23,9325,2021-12-13,1750,017559,,1,2,9,2800,0,1,3,,1,021,SR-121,"WOODSIDE DR",200.00,N,N,C,-,N,,,121,,,,,,,N,3,0,1,3,A,-,03,22350,,N,C,C,A,B,H,-,D,D,0,,,,,Y,,D,22,0,1,0,0,0,0,0,0,0,"- ","- ",38.328811645507812,-122.27060699462891,NAPA,UNINCORPORATED,-122.27058410644531,38.328781127929688
91660044,2021,2021-12-23,9325,2021-12-16,0830,019864,,4,1,9,2800,0,2,4,,2,032,"SILVERADO TRAIL","PRATT AVE",75.00,N,N,B,-,N,,,,,,,,,,Y,4,0,1,2,A,-,03,22350,,M,C,C,A,B,H,-,A,D,0,,,,,Y,,D,22,0,0,1,0,0,0,0,0,0,"- ","- ",38.520828247070312,-122.47242736816406,NAPA,UNINCORPORATED,-122.47270965576172,38.521121978759766
91660076,2021,2021-12-23,9325,2021-12-17,1600,021083,,5,2,9,2800,0,1,3,,1,011,SR-29,SR-12,528.00,N,N,A,-,Y,,,29,,,,,,,N,4,0,1,2,A,-,03,22350,,N,C,C,A,A,H,-,A,D,0,,,,,Y,,A,01,0,0,1,0,0,0,0,0,0,"- ","- ",38.229030609130859,-122.25846099853516,NAPA,UNINCORPORATED,-122.25850677490234,38.229026794433594
91660105,2021,2021-12-23,9325,2021-12-20,0645,015796,,1,1,9,2800,0,1,3,,1,041,SR-29,"AZALEA SPRINGS WAY",0.00,,Y,B,-,Y,,,29,,,,,,,Y,3,0,1,3,A,-,03,22350,,N,C,C,A,A,H,-,B,D,0,,,,,Y,,A,08,0,1,0,0,0,0,0,0,0,"- ","- ",38.564739227294922,-122.55522155761719,NAPA,UNINCORPORATED,-122.55522155761719,38.564723968505859
91660138,2021,2021-12-23,9325,2021-12-21,1645,018954,,2,2,9,2800,0,2,4,,2,032,"SILVERADO TRAIL","POPE STREET",1443.00,S,N,C,-,N,,,,,,,,,,N,3,0,1,1,A,-,08,22107,,N,E,I,A,B,H,-,D,D,0,,,,,Y,,A,01,0,1,0,0,0,0,0,0,0,"- ","- ",38.508861541748047,-122.44740295410156,NAPA,UNINCORPORATED,-122.45114898681641,38.510337829589844
91660552,2021,2021-12-23,9325,2021-12-12,2042,021083,,7,2,9,2800,0,3,5,,2,002,"BIG RANCH ROAD","EL CENTRO AVE",180.00,N,N,C,-,N,,,,,,,,,,Y,2,0,3,3,A,-,01,23152,A,N,C,C,A,B,H,-,D,D,0,,,,,Y,Y,A,07,1,1,1,0,0,0,0,0,0,"- ","- ",38.34429931640625,-122.29947662353516,NAPA,UNINCORPORATED,-122.29837799072266,38.342456817626953
91662012,2021,2021-12-27,9325,2021-12-11,0440,021996,,6,3,9,2800,0,3,5,,2,007,"CUTTINGS WHARF RD.","LAS AMIGAS RD.",1257.00,N,N,A,-,N,,,,,,,,,,N,4,0,1,1,A,-,01,23152,A,N,E,I,A,A,H,-,D,D,0,,,,,Y,Y,A,07,0,0,1,0,0,0,0,0,0,"- ","- ",38.237918853759766,-122.3106689453125,NAPA,UNINCORPORATED,-122.31085968017578,38.238552093505859
91665470,2021,2021-12-29,9325,2021-12-27,1005,015796,,1,1,9,2800,0,2,4,,1,034,"HOWELL MOUNTAIN ROAD","SUNSET DR",460.00,W,N,C,-,N,,,,,,,,,,Y,3,0,1,1,A,-,03,22350,,N,F,I,A,B,H,-,A,D,0,,,,,Y,,D,22,0,1,0,0,0,0,0,0,0,"- ","- ",38.555648803710938,-122.45339965820312,NAPA,UNINCORPORATED,-122.45330810546875,38.555660247802734
91668639,2021,2022-01-03,9325,2021-11-25,0450,015176,,4,3,9,2800,0,1,3,,1,013,"SR-221 S/B","STREBLOW DR.",300.00,S,N,A,-,Y,,,221,,,,,,S,Y,1,1,0,2,A,-,11,21954,A,N,G,B,E,A,H,-,D,D,0,Y,,,,Y,,N,60,0,0,0,1,0,0,0,0,0,"- ","- ",38.269161224365234,-122.27182006835938,NAPA,UNINCORPORATED,-122.27175140380859,38.269176483154297
91670010,2021,2022-01-04,9325,2021-12-29,1435,017559,,3,2,9,2800,0,1,3,,1,011,"SR-29 S/B","SOSCOL FERRY RD",246.00,N,N,C,-,Y,,,29,,,,,,S,N,4,0,1,2,A,-,03,22350,,N,C,C,A,B,H,-,A,A,0,,,,,Y,,A,07,0,0,1,0,0,0,0,0,0,"- ","- ",38.24176025390625,-122.27008819580078,NAPA,UNINCORPORATED,-122.27008056640625,38.241775512695312
9211749,2021,2021-03-29,2802,2021-02-04,1414,185,50,4,5,5,2802,0,0,0,,0,02B,"SOSCOL AV","SILVERADO TRL",0.00,,Y,A,-,Y,NAP,4,121,-,-,6.554,I,5,N,Y,1,1,2,2,A,-,09,21801,A,N,D,C,A,A,D,-,A,A,0,,,,,Y,,A,01,1,0,1,0,0,0,0,0,0,"- ","- ",,,NAPA,NAPA,-122.27522277832031,38.288227081298828
9213066,2021,2021-02-08,2802,2021-01-03,2154,320534,74,7,5,5,2802,0,0,0,,0,04B,"RT 29","RT 12",0.00,,Y,E,-,N,,,,,,,,,,Y,4,0,4,2,A,-,12,21453,A,N,D,C,A,A,H,-,C,A,0,,,,,Y,,A,07,0,0,4,0,0,0,0,0,0,"- ","- ",,,NAPA,NAPA,-122.3026123046875,38.257534027099609
9216547,2021,2021-03-19,2802,2021-01-07,1609,320532,53,4,5,5,2802,0,0,0,,0,02B,"W IMOLA AV","MINAHEN ST",240.00,W,N,A,-,N,,,,,,,,,,N,3,0,2,2,A,-,08,22107,,N,C,C,A,A,H,-,A,D,0,,Y,Y,,Y,,L,04,0,2,0,0,0,0,1,0,1,"- ","- ",,,NAPA,NAPA,-122.2969970703125,38.282035827636719
9217163,2021,2021-03-15,2802,2021-01-09,1507,320488,43,6,5,5,2802,0,0,0,,0,01B,"OLD SONOMA RD","WALNUT ST",50.00,S,N,A,-,N,,,,,,,,,,N,4,0,1,2,A,-,08,22107,,N,D,G,A,A,H,-,A,A,0,,Y,,,Y,,L,04,0,0,1,0,0,0,1,0,0,"- ","- ",,,NAPA,NAPA,-122.30027008056641,38.28778076171875
9219477,2021,2021-03-13,2802,2021-01-14,1204,185,13,4,5,5,2802,0,0,0,,0,003,"800 TRANCAS ST","VALLE VERDE DR",100.00,W,N,A,-,N,,,,,,,,,,N,4,0,1,2,B,-,22,,,N,G,B,F,A,H,-,A,D,0,Y,,,,Y,,A,07,0,0,1,0,1,0,0,0,0,"- ","- ",,,NAPA,NAPA,-122.29225921630859,38.324184417724609
9221333,2021,2021-02-22,2800,2021-01-09,1411,250514,10204,6,5,2,2805,0,0,0,,0,001,BROADWAY,"RIO DEL MAR",0.00,,Y,A,-,Y,NAP,4,29,-,-,1.700,H,-,N,Y,4,0,2,2,A,-,03,22350,,N,C,C,A,A,H,-,A,A,0,,,,,Y,,A,01,0,0,2,0,0,0,0,0,0,"- ","- ",,,NAPA,"AMERICAN CANYON",-122.25471496582031,38.179744720458984
9222404,2021,2021-03-05,2800,2021-02-16,0616,250421,10204,2,5,2,2805,0,0,0,,0,001,BROADWAY,"EUCALYPTUS DR",0.00,,Y,A,-,Y,NAP,4,29,-,R,2.070,H,-,S,Y,4,0,2,2,A,-,"- ",,,N,C,C,A,A,H,-,C,A,0,,,,,Y,,A,08,0,0,2,0,0,0,0,0,0,"- ","- ",,,NAPA,"AMERICAN CANYON",-122.25546264648438,38.18505859375
9225262,2021,2021-03-05,2803,2021-01-20,0813,30,,3,5,2,2803,0,0,0,,0,,"WHITE SULPHUR SPRING RD",SYLVANER,1081.00,W,N,A,-,N,,,,,,,,,,Y,3,0,1,1,A,-,01,23152,A,N,F,A,A,A,H,-,A,A,0,,,,,Y,Y,A,01,0,1,0,0,0,0,0,0,0,"- ","- ",38.490249633789062,-122.51983642578125,NAPA,"SAINT HELENA",-122.48085021972656,38.493179321289062
9228084,2021,2021-04-21,2802,2021-02-28,1316,320488,23,7,5,5,2802,0,0,0,,0,003,"PUEBLO AV","BEARD RD",0.00,,Y,A,-,N,,,,,,,,,,Y,3,0,1,2,A,-,10,21950,A,N,D,C,B,A,H,-,A,A,0,Y,,,,Y,,D,22,0,1,0,0,1,0,0,0,0,"- ","- ",,,NAPA,NAPA,-122.29384613037109,38.316410064697266
9228090,2021,2021-04-15,2802,2021-02-26,1229,320488,3,5,5,5,2802,0,0,0,,0,003,"SALVADOR AV","MOFFITT DR",0.00,,Y,A,-,N,,,,,,,,,,N,4,0,1,2,A,-,09,21801,A,N,D,C,A,A,H,-,A,A,0,,,,,Y,,A,01,0,0,1,0,0,0,0,0,0,"- ","- ",,,NAPA,NAPA,-122.31925201416016,38.341285705566406
9228096,2021,2021-03-26,2802,2021-02-02,1645,320533,27,2,5,5,2802,0,0,0,,0,01A,"BROWN ST","LINCOLN AV",0.00,,Y,A,-,N,,,,,,,,,,N,2,0,1,2,A,-,09,21802,B,F,D,D,A,A,H,-,B,A,0,,Y,,,Y,,L,04,1,0,0,0,0,0,1,0,0,"- ","- ",,,NAPA,NAPA,-122.29444122314453,38.308643341064453
9228809,2021,2021-03-09,2800,2021-02-09,1527,250421,20209,2,5,2,2805,0,0,0,,0,002,BROADWAY,"HOLCOMB LN",0.00,,Y,B,-,Y,NAP,4,29,-,-,0.970,H,-,N,Y,4,0,1,3,A,-,03,22350,,N,C,C,A,A,H,-,A,D,0,,,,,Y,,D,22,0,0,1,0,0,0,0,0,0,"- ","- ",,,NAPA,"AMERICAN CANYON",-122.25300598144531,38.169475555419922
9229531,2021,2021-03-20,2802,2021-01-30,1553,320488,51,6,5,5,2802,0,0,0,,0,02B,"IMOLA AV","SHURTLEFF AV",0.00,,Y,A,-,N,,,,,,,,,,Y,3,0,2,2,A,-,09,21801,A,N,D,C,A,A,H,-,A,A,0,,,,,Y,,D,22,0,1,1,0,0,0,0,0,0,"- ","- ",,,NAPA,NAPA,-122.26370239257812,38.280006408691406
9229535,2021,2021-03-20,2802,2021-01-30,1335,32488,27,6,5,5,2802,0,0,0,,0,01A,"BROWN ST","LINCOLN AV",0.00,,Y,A,-,N,,,,,,,,,,N,4,0,1,2,A,-,10,21950,A,N,G,B,B,A,H,-,A,A,0,Y,,,,Y,,D,23,0,0,1,0,1,0,0,0,0,"- ","- ",,,NAPA,NAPA,-122.29444122314453,38.308643341064453
9231028,2021,2021-04-02,2802,2021-02-10,0946,187,39,3,5,5,2802,0,0,0,,0,02B,"SILVERADO TRL","SARATOGA DR",0.00,,Y,A,-,N,,,,,,,,,,N,3,0,1,2,A,-,08,22107,,N,D,G,A,A,H,-,A,D,0,,Y,,,Y,,L,04,0,1,0,0,0,0,1,0,0,"- ","- ",,,NAPA,NAPA,-122.27503967285156,38.29132080078125
9231340,2021,2021-03-16,2801,2021-01-29,1415,181,4,5,5,2,2801,0,0,0,,0,,"FOOTHILL BL","PETRIFIED FOREST RD",0.00,,Y,A,-,Y,NAP,4,128,-,-,3.600,H,-,E,N,3,0,1,2,A,-,03,22350,,N,C,C,A,A,H,-,A,A,0,,,,,Y,,A,01,0,1,0,0,0,0,0,0,0,"- ","- ",,,NAPA,CALISTOGA,-122.59651947021484,38.581436157226562
9235895,2021,2021-03-20,2802,2021-02-14,1352,320488,27,7,5,5,2802,0,0,0,,0,01A,"JEFFERSON ST","GEORGE ST",100.00,N,N,A,-,N,,,,,,,,,,Y,4,0,1,2,A,-,03,22350,,N,C,C,A,A,H,-,A,A,0,,,,,Y,,A,07,0,0,1,0,0,0,0,0,0,"- ","- ",,,NAPA,NAPA,-122.29633331298828,38.310398101806641
9235896,2021,2021-03-20,2800,2021-02-17,0804,250421,10206,3,5,2,2805,0,0,0,,0,001,"GREEN ISLAND RD","PAOLI LOOP RD",2010.00,W,N,A,-,N,,,,,,,,,,Y,4,0,1,2,A,-,05,21460,A,N,B,C,A,A,H,-,A,D,0,,,,,Y,,A,07,0,0,1,0,0,0,0,0,0,"- ","- ",,,NAPA,"AMERICAN CANYON",-122.26488494873047,38.195232391357422
9236297,2021,2021-03-23,2802,2021-02-12,1114,185,36,5,5,5,2802,0,0,0,,0,01A,"YAJOME ST","VALLEJO ST",0.00,,Y,A,-,N,,,,,,,,,,Y,3,0,2,2,A,-,09,21802,A,N,D,C,A,A,H,-,A,A,0,,,,,Y,,A,07,0,1,1,0,0,0,0,0,0,"- ","- ",,,NAPA,NAPA,-122.28727722167969,38.304172515869141
9247884,2021,2021-04-20,2802,2021-03-21,0721,195,1,7,5,5,2802,0,0,0,,0,04A,"SALVADOR AV","SOLANO AV",0.00,,Y,A,-,N,,,,,,,,,,N,2,0,1,2,A,-,10,21950,A,N,G,B,B,A,H,-,B,A,0,Y,,,,Y,Y,A,01,1,0,0,0,1,0,0,0,0,"- ","- ",,,NAPA,NAPA,-122.32485961914062,38.339332580566406
9247885,2021,2021-04-20,2802,2021-03-18,1629,320531,50,4,5,5,2802,0,0,0,,0,02B,"KANSAS AV","WILKINS AV",0.00,,Y,B,C,N,,,,,,,,,,Y,4,0,1,2,A,-,09,21802,A,N,D,C,A,B,F,-,A,D,0,,,,,Y,,A,01,0,0,1,0,0,0,0,0,0,"- ","- ",,,NAPA,NAPA,-122.27088928222656,38.285621643066406
9254667,2021,2021-05-10,2802,2021-04-15,1148,320425,35,4,5,5,2802,0,0,0,,0,01A,"1ST ST","CALIFORNIA BL",55.00,,N,A,-,N,,,,,,,,,,N,4,0,1,2,A,-,09,21800,A,N,D,C,A,A,H,-,A,D,0,,,,,Y,,A,01,0,0,1,0,0,0,0,0,0,"- ","- ",,,NAPA,NAPA,-122.30009460449219,38.298164367675781
9254669,2021,2021-06-07,2802,2021-04-08,1216,320425,58,4,5,5,2802,0,0,0,,0,04A,"RT 29","TRANCAS ST",0.00,,Y,A,-,Y,NAP,4,29,-,-,13.161,R,4,N,Y,3,0,2,2,A,-,12,21453,A,N,D,C,A,A,H,-,A,A,0,,,,,Y,,A,07,0,1,1,0,0,0,0,0,0,"- ","- ",,,NAPA,NAPA,-122.30945587158203,38.322441101074219
9254671,2021,2021-05-20,2802,2021-04-11,1431,320457,51,7,5,5,2802,0,0,0,,0,02B,"CAYETANO DR","SHURTLEFF AV",0.00,,Y,A,-,N,,,,,,,,,,Y,4,0,1,2,A,-,09,21804,A,N,H,A,A,A,H,-,A,D,0,,,Y,,Y,,A,01,0,0,1,0,0,0,0,0,1,"- ","- ",,,NAPA,NAPA,-122.26515197753906,38.28887939453125
9255011,2021,2021-05-11,2803,2021-04-18,1520,91,,7,5,2,2803,0,0,0,,0,,"MAIN ST","POPE ST",71.00,N,N,A,-,Y,NAP,4,29,-,-,28.510,H,-,N,Y,3,0,1,2,A,-,03,22350,,N,C,C,A,A,H,-,A,A,0,,,,,Y,Y,A,01,0,1,0,0,0,0,0,0,0,"- ","- ",38.503208160400391,-122.46685028076172,NAPA,"SAINT HELENA",-122.46706390380859,38.503314971923828
9256274,2021,2021-11-30,2800,2021-05-07,0022,250490,10201,5,5,2,2805,0,0,0,,0,001,"RT 29","KIMBERLY DR",500.00,S,N,A,-,Y,NAP,4,29,-,-,0.130,H,-,N,Y,1,1,0,2,A,-,08,22107,,N,C,G,A,A,H,-,D,D,0,,Y,,,Y,,L,04,0,0,0,0,0,1,0,0,0,"- ","- ",,,NAPA,"AMERICAN CANYON",-122.25337982177734,38.157135009765625
9258593,2021,2021-05-11,2800,2021-04-11,2211,250492,20209,7,5,2,2805,0,0,0,,0,002,"DONALDSON WY E","NEWELL DR",0.00,,Y,A,-,N,,,,,,,,,,Y,4,0,1,1,A,-,01,23152,A,N,B,I,A,A,H,-,C,A,0,,,,,Y,Y,A,01,0,0,1,0,0,0,0,0,0,"- ","- ",,,NAPA,"AMERICAN CANYON",-122.24311828613281,38.175182342529297
9259737,2021,2021-06-03,2802,2021-05-02,1347,320488,54,7,5,5,2802,0,0,0,,0,02B,"RIVER PARK BL","RIVER PARK BL 1222",10.00,N,N,A,-,N,,,,,,,,,,Y,4,0,1,1,A,-,01,23152,F,N,E,I,A,A,H,-,A,A,0,,,,,Y,,D,22,0,0,1,0,0,0,0,0,0,"- ","- ",,,NAPA,NAPA,,
9260829,2021,2021-07-26,2803,2021-06-10,1918,30,,4,5,2,2803,0,0,0,,0,,"POPE ST","EASTERN AV",93.00,E,N,A,-,N,,,,,,,,,,N,4,0,1,2,A,-,"- ",,,M,B,E,A,A,H,-,A,A,0,,,,,Y,,-,99,0,0,1,0,0,0,0,0,0,"- ","- ",38.503700256347656,-122.46573638916016,NAPA,"SAINT HELENA",,
9261324,2021,2021-05-17,2802,2021-04-20,1325,185,49,2,5,5,2802,0,0,0,,0,02B,"W IMOLA AV","S NAPA MARKET PL",0.00,,Y,A,-,Y,NAP,4,121,-,R,5.770,H,-,S,N,3,0,1,2,A,-,08,22107,,N,B,G,A,A,H,-,A,A,0,,Y,,,Y,Y,A,01,0,1,0,0,0,0,1,0,0,"- ","- ",,,NAPA,NAPA,-122.27681732177734,38.280757904052734
9262964,2021,2021-05-17,2800,2021-05-02,2236,250510,10204,7,5,2,2805,0,0,0,,0,001,BROADWAY,"PAOLI LOOP RD",1345.00,S,N,A,-,Y,NAP,4,29,-,R,2.520,H,-,N,Y,4,0,1,2,A,-,03,22350,,N,E,I,A,A,H,-,D,A,0,,,,,Y,,A,01,0,0,1,0,0,0,0,0,0,"- ","- ",,,NAPA,"AMERICAN CANYON",-122.25556182861328,38.191619873046875
9262979,2021,2021-05-18,2800,2021-04-25,0608,250445,10201,7,5,2,2805,0,0,0,,0,001,"RT 29","KIMBERLY DR",35.00,N,N,B,-,Y,NAP,4,29,-,-,0.230,I,6,S,Y,4,0,1,2,A,-,01,23152,A,N,D,C,A,A,H,-,A,D,0,,,,,Y,Y,A,01,0,0,1,0,0,0,0,0,0,"- ","- ",,,NAPA,"AMERICAN CANYON",-122.25348663330078,38.158653259277344
9262991,2021,2021-05-18,2800,2021-04-12,1057,250226,10201,1,5,2,2805,0,0,0,,0,001,BROADWAY,"W AMERICAN CANYON RD",0.00,,Y,A,-,Y,NAP,4,29,-,-,0.690,I,5,S,N,4,0,1,2,A,-,09,21453,C,F,D,C,A,A,H,-,A,A,0,,,Y,,Y,,-,99,0,0,1,0,0,0,0,0,1,"- ","- ",,,NAPA,"AMERICAN CANYON",-122.25293731689453,38.165573120117188
9263609,2021,2021-05-19,2802,2021-04-25,1331,320488,20,7,5,5,2802,0,0,0,,0,04A,"SOLANO AV","SOLANO AV 3331",100.00,N,N,C,-,N,,,,,,,,,,Y,4,0,1,1,C,-,18,,,N,E,I,A,B,H,-,A,A,0,,,,,Y,,-,"- ",0,0,1,0,0,0,0,0,0,"- ","- ",,,NAPA,NAPA,,
9263948,2021,2021-05-20,2802,2021-04-24,1804,320488,46,6,5,5,2802,0,0,0,,0,04B,"INDIANA ST","INDIANA ST 2738",50.00,W,N,A,-,N,,,,,,,,,,N,3,0,1,1,A,-,08,22107,,N,F,A,A,A,H,-,A,A,0,,,,,Y,,M,96,0,1,0,0,0,0,0,0,0,"- ","- ",,,NAPA,NAPA,,
9263988,2021,2021-05-20,2802,2021-04-24,1327,320488,64,6,5,5,2802,0,0,0,,0,02A,"1ST ST","VERNON ST",0.00,,Y,A,-,N,,,,,,,,,,N,4,0,1,2,A,-,09,21802,A,N,D,C,A,A,H,-,A,A,0,,,,,Y,,A,01,0,0,1,0,0,0,0,0,0,"- ","- ",,,NAPA,NAPA,-122.28105163574219,38.30145263671875
9264428,2021,2021-05-21,2802,2021-04-20,1501,185,28,2,5,5,2802,0,0,0,,0,003,"CENTRAL AV","SOSCOL AV",2.00,W,N,A,-,N,,,,,,,,,,N,4,0,1,2,A,-,05,21650,1,N,D,G,A,A,H,-,A,D,0,,Y,,,Y,,L,04,0,0,1,0,0,0,1,0,0,"- ","- ",,,NAPA,NAPA,-122.28520965576172,38.314098358154297
9269843,2021,2021-06-16,2802,2021-05-17,1624,320283,16,1,5,5,2802,0,0,0,,0,04B,"REDWOOD RD","BROWNS VALLEY RD",0.00,,Y,A,-,N,,,,,,,,,,N,4,0,1,2,A,-,09,21801,A,N,A,G,A,A,H,-,A,A,0,,Y,,,Y,,D,22,0,0,1,0,0,0,1,0,0,"- ","- ",,,NAPA,NAPA,-122.34095001220703,38.315395355224609
9269864,2021,2021-06-16,2802,2021-05-18,0754,320425,30,2,5,5,2802,0,0,0,,0,01A,"CALIFORNIA BL","G ST",0.00,,Y,A,-,N,,,,,,,,,,N,4,0,1,2,A,-,03,22350,,N,C,C,A,A,H,-,A,D,0,,,,,Y,,E,22,0,0,1,0,0,0,0,0,0,"- ","- ",,,NAPA,NAPA,-122.30184173583984,38.305042266845703
9270430,2021,2021-06-07,2802,2021-05-08,1643,320488,50,6,5,5,2802,0,0,0,,0,02B,"SHELTER AV","WILKINS AV",0.00,,Y,A,-,N,,,,,,,,,,Y,4,0,2,3,A,-,09,21802,A,N,D,C,A,A,H,-,A,A,0,,,,,Y,,A,01,0,0,2,0,0,0,0,0,0,"- ","- ",,,NAPA,NAPA,-122.27056121826172,38.282642364501953
9270432,2021,2021-06-07,2802,2021-05-17,0915,320425,44,1,5,5,2802,0,0,0,,0,01B,"COOMBS ST","OAK ST",0.00,,Y,B,-,N,,,,,,,,,,N,3,0,1,2,A,-,12,22450,A,N,D,G,A,A,H,-,A,A,0,,Y,,,Y,,L,04,0,1,0,0,0,0,1,0,0,"- ","- ",,,NAPA,NAPA,-122.28494262695312,38.293506622314453
9270433,2021,2021-06-07,2802,2021-05-24,1214,320425,11,1,5,5,2802,0,0,0,,0,003,"CLAREMONT WY","TRANCAS ST",85.00,S,N,A,-,N,,,,,,,,,,N,4,0,1,2,A,-,08,22107,,N,D,G,A,A,H,-,A,D,0,,Y,,,Y,,A,07,0,0,1,0,0,0,1,0,0,"- ","- ",,,NAPA,NAPA,-122.30286407470703,38.32208251953125
9270454,2021,2021-06-03,2802,2021-05-06,2158,320488,51,4,5,5,2802,0,0,0,,0,02B,"SHURTLEFF AV","CAYETANO DR",350.00,N,N,A,-,N,,,,,,,,,,N,4,0,1,1,A,-,01,23152,A,N,E,I,A,A,H,-,C,A,0,,,,,Y,,A,01,0,0,1,0,0,0,0,0,0,"- ","- ",,,NAPA,NAPA,-122.26523590087891,38.289836883544922
9271433,2021,2021-06-16,2801,2021-04-10,1212,199,50,6,5,2,2801,0,0,0,,0,,"RT 29","MORA AV",0.00,,Y,A,-,Y,NAP,4,29,-,-,38.400,I,5,N,N,2,0,2,3,A,-,03,22350,,N,C,C,A,A,H,-,A,D,0,,,Y,,Y,,C,02,1,1,0,0,0,0,0,0,1,"- ","- ",,,NAPA,CALISTOGA,-122.58184814453125,38.595455169677734
9277688,2021,2021-06-16,2800,2021-05-17,0743,250445,10206,1,5,2,2805,0,0,0,,0,001,BROADWAY,"GREEN ISLAND RD",0.00,,Y,A,B,Y,NAP,4,29,-,R,2.767,I,5,N,Y,4,0,1,2,A,-,00,22651,A,N,D,C,A,A,H,-,A,D,0,,,,Y,Y,,G,27,0,0,1,0,0,0,0,0,0,"- ","- ",,,NAPA,"AMERICAN CANYON",-122.25604248046875,38.195175170898438
9279887,2021,2021-07-28,2802,2021-06-02,1434,320425,22,3,5,5,2802,0,0,0,,0,003,"CLAREMONT WY","JEFFERSON ST",350.00,W,N,A,-,N,,,,,,,,,,Y,4,0,2,2,A,-,09,21804,A,N,D,C,A,A,H,-,A,D,0,,,,,Y,,A,01,0,0,2,0,0,0,0,0,0,"- ","- ",,,NAPA,NAPA,-122.30056762695312,38.320777893066406
9281122,2021,2021-07-29,2801,2021-05-23,1649,204,1,7,5,2,2801,0,0,0,,0,,"LINCOLN AV","WASHINGTON ST",0.00,,Y,A,-,N,,,,,,,,,,N,4,0,1,4,A,-,21,22106,,M,B,E,A,A,H,-,A,D,0,,,,,Y,,A,01,0,0,1,0,0,0,0,0,0,"- ","- ",,,NAPA,CALISTOGA,-122.5789794921875,38.578643798828125