CASE_ID,ACCIDENT_YEAR,PROC_DATE,JURIS,COLLISION_DATE,COLLISION_TIME,OFFICER_ID,REPORTING_DISTRICT,DAY_OF_WEEK,CHP_SHIFT,POPULATION,CNTY_CITY_LOC,SPECIAL_COND,BEAT_TYPE,CHP_BEAT_TYPE,CITY_DIVISION_LAPD,CHP_BEAT_CLASS,BEAT_NUMBER,PRIMARY_RD,SECONDARY_RD,DISTANCE,DIRECTION,INTERSECTION,WEATHER_1,WEATHER_2,STATE_HWY_IND,CALTRANS_COUNTY,CALTRANS_DISTRICT,STATE_ROUTE,ROUTE_SUFFIX,POSTMILE_PREFIX,POSTMILE,LOCATION_TYPE,RAMP_INTERSECTION,SIDE_OF_HWY,TOW_AWAY,COLLISION_SEVERITY,NUMBER_KILLED,NUMBER_INJURED,PARTY_COUNT,PRIMARY_COLL_FACTOR,PCF_CODE_OF_VIOL,PCF_VIOL_CATEGORY,PCF_VIOLATION,PCF_VIOL_SUBSECTION,HIT_AND_RUN,TYPE_OF_COLLISION,MVIW,PED_ACTION,ROAD_SURFACE,ROAD_COND_1,ROAD_COND_2,LIGHTING,CONTROL_DEVICE,CHP_ROAD_TYPE,PEDESTRIAN_ACCIDENT,BICYCLE_ACCIDENT,MOTORCYCLE_ACCIDENT,TRUCK_ACCIDENT,NOT_PRIVATE_PROPERTY,ALCOHOL_INVOLVED,STWD_VEHTYPE_AT_FAULT,CHP_VEHTYPE_AT_FAULT,COUNT_SEVERE_INJ,COUNT_VISIBLE_INJ,COUNT_COMPLAINT_PAIN,COUNT_PED_KILLED,COUNT_PED_INJURED,COUNT_BICYCLIST_KILLED,COUNT_BICYCLIST_INJURED,COUNT_MC_KILLED,COUNT_MC_INJURED,PRIMARY_RAMP,SECONDARY_RAMP,LATITUDE,LONGITUDE,COUNTY,CITY,POINT_X,POINT_Y
9284224,2021,2021-07-21,2802,2021-06-29,1709,199,27,2,5,5,2802,0,0,0,,0,01A,"LINCOLN AV","YAJOME ST",0.00,,Y,A,-,N,,,,,,,,,,Y,2,0,2,2,A,-,01,23152,A,F,D,C,A,A,H,-,A,A,0,,,Y,,Y,Y,A,08,1,1,0,0,0,0,0,0,1,"- ","- ",,,NAPA,NAPA,-122.29133605957031,38.309192657470703
9284226,2021,2021-07-21,2802,2021-06-30,1447,320425,406,3,5,5,2802,0,0,0,,0,003,"TRANCAS ST","TRANCAS ST 613",0.00,,N,A,-,N,,,,,,,,,,,4,0,1,2,A,-,"- ",,,N,D,C,A,A,H,-,A,D,0,,,,,Y,,A,01,0,0,1,0,0,0,0,0,0,"- ","- ",,,NAPA,NAPA,-122.30794525146484,38.321422576904297
9284227,2021,2021-07-21,2802,2021-06-29,1547,185,49,2,5,5,2802,0,0,0,,0,02B,"KANSAS AV","GASSER DR",8.00,E,N,A,-,N,,,,,,,,,,N,3,0,1,2,A,-,10,21950,A,N,G,B,B,A,H,-,A,A,0,Y,,,,Y,,A,07,0,1,0,0,1,0,0,0,0,"- ","- ",,,NAPA,NAPA,-122.27782440185547,38.285366058349609
9285111,2021,2021-06-28,2802,2021-06-01,0918,320425,13,2,5,5,2802,0,0,0,,0,003,"TRANCAS ST","VILLA LN",290.00,W,N,A,-,N,,,,,,,,,,N,4,0,1,2,A,-,03,22350,,N,C,C,A,A,H,-,A,D,0,,,,,Y,,A,01,0,0,1,0,0,0,0,0,0,"- ","- ",,,NAPA,NAPA,-122.29421997070312,38.323848724365234
9285112,2021,2021-06-28,2802,2021-06-09,1656,320529,44,3,5,5,2802,0,0,0,,0,01B,"JEFFERSON ST","LAUREL ST",0.00,,Y,A,-,N,,,,,,,,,,N,4,0,1,3,A,-,10,21952,,N,G,B,B,A,H,-,A,D,0,Y,,,,Y,,A,01,0,0,1,0,1,0,0,0,0,"- ","- ",,,NAPA,NAPA,-122.29424285888672,38.292667388916016
9286168,2021,2021-07-15,2801,2021-06-25,2337,186,30,5,5,2,2801,0,0,0,,0,,"RT 29","W DUNAWEAL LN",87.00,N,N,A,-,Y,NAP,4,29,-,-,35.470,H,-,N,Y,4,0,1,1,A,-,03,22350,,N,E,J,A,A,H,-,D,D,0,,,,,Y,Y,A,01,0,0,1,0,0,0,0,0,0,"- ","- ",,,NAPA,CALISTOGA,-122.55841064453125,38.565036773681641
9286416,2021,2021-07-20,2800,2021-07-02,0652,250226,20209,5,5,2,2805,0,0,0,,0,002,BROADWAY,"AMERICAN CANYON RD",464.00,N,N,B,-,Y,NAP,4,29,-,-,0.800,H,-,S,Y,4,0,1,2,A,-,08,22107,,N,A,C,A,A,H,-,A,D,0,,,,,Y,,A,01,0,0,1,0,0,0,0,0,0,"- ","- ",,,NAPA,"AMERICAN CANYON",-122.25289154052734,38.167121887207031
9287381,2021,2021-07-23,2803,2021-06-26,1611,91,,6,5,2,2803,0,0,0,,0,,"MAIN ST","MAIN ST 2800",286.00,N,N,A,-,Y,NAP,4,29,-,-,29.870,H,-,S,Y,3,0,2,2,A,-,08,22107,,N,D,C,A,A,H,-,A,D,0,,,,,Y,,A,07,0,2,0,0,0,0,0,0,0,"- ","- ",38.518711090087891,-122.48177337646484,NAPA,"SAINT HELENA",-122.48536682128906,38.516071319580078
9289434,2021,2021-07-19,2802,2021-06-27,1817,320488,20,7,5,5,2802,0,0,0,,0,04A,"W PUEBLO AV","W PUEBLO AV 2068",25.00,S,N,A,-,N,,,,,,,,,,Y,3,0,1,2,A,-,08,22107,,N,C,E,A,A,H,-,A,A,0,,,,,Y,,A,01,0,1,0,0,0,0,0,0,0,"- ","- ",,,NAPA,NAPA,,
9289792,2021,2021-09-21,2802,2021-07-03,1454,320533,5,6,5,5,2802,0,0,0,,0,04A,"SOLANO AV","WINE COUNTRY AV",75.00,W,N,A,-,N,,,,,,,,,,N,4,0,1,2,A,-,09,21804,A,N,D,C,A,A,H,-,A,D,0,,,Y,,Y,,A,01,0,0,1,0,0,0,0,0,1,"- ","- ",,,NAPA,NAPA,-122.32238006591797,38.336154937744141
9290367,2021,2021-09-16,2802,2021-07-18,0242,320336,25,7,5,5,2802,0,0,0,,0,04A,"LONE OAK AV","NYLA DR",100.00,W,N,A,-,N,,,,,,,,,,Y,3,0,1,3,A,-,01,23152,A,N,B,C,A,A,H,-,C,D,0,,,,,Y,Y,D,22,0,1,0,0,0,0,0,0,0,"- ","- ",,,NAPA,NAPA,-122.31644439697266,38.306793212890625
9290682,2021,2021-08-25,2802,2021-07-19,2149,320531,48,1,5,5,2802,0,0,0,,0,01B,"FRANKLIN ST","SPRUCE ST",0.00,,Y,A,-,N,,,,,,,,,,Y,4,0,2,2,A,-,09,21802,A,N,D,C,A,A,H,-,C,D,0,,,,,Y,,A,01,0,0,2,0,0,0,0,0,0,"- ","- ",,,NAPA,NAPA,-122.29009246826172,38.286270141601562
9290683,2021,2021-08-25,2802,2021-07-06,1630,320337,409,2,5,5,2802,0,0,0,,0,04B,"FREEWAY DR","KILBURN AV",200.00,N,N,A,-,N,,,,,,,,,,N,3,0,2,2,A,-,09,21804,A,N,B,C,A,A,H,-,A,A,0,,,,,Y,,A,08,0,1,1,0,0,0,0,0,0,"- ","- ",,,NAPA,NAPA,-122.30228424072266,38.294601440429688
9291827,2021,2021-08-26,2800,2021-07-03,0555,250521,10204,6,5,2,2805,0,0,0,,0,001,BROADWAY,"EUCALYPTUS DR",0.00,,Y,A,B,N,,,,,,,,,,Y,4,0,1,2,A,-,03,22350,,N,C,C,A,A,H,-,A,A,0,,,,,Y,,A,01,0,0,1,0,0,0,0,0,0,"- ","- ",,,NAPA,"AMERICAN CANYON",-122.25492858886719,38.181095123291016
9292683,2021,2021-09-09,2800,2021-07-04,0349,250510,10187,7,5,2,2805,0,0,0,,0,001,"EUCALYPTUS DR","WETLANDS EDGE RD",69.00,W,N,A,-,N,,,,,,,,,,Y,3,0,1,1,B,-,22,,,N,E,-,A,A,B,-,D,D,0,,,,,Y,Y,A,01,0,1,0,0,0,0,0,0,0,"- ","- ",,,NAPA,"AMERICAN CANYON",-122.27200317382812,38.180999755859375
9294245,2021,2021-08-23,2802,2021-07-07,0835,320425,105,3,5,5,2802,0,0,0,,0,01A,"YAJOME ST","YAJOME ST 2670",0.00,,N,B,-,N,,,,,,,,,,N,3,0,1,1,C,-,18,,,N,E,I,A,A,D,-,A,D,0,,,,,Y,,-,"- ",0,1,0,0,0,0,0,0,0,"- ","- ",,,NAPA,NAPA,,
9295883,2021,2021-08-04,2802,2021-07-15,1901,320488,3,4,5,5,2802,0,0,0,,0,003,"RT 29","WINE COUNTRY AV",10.00,N,N,A,-,Y,NAP,4,29,-,-,14.340,H,-,S,Y,4,0,3,3,A,-,03,22350,,N,C,C,A,A,H,-,A,A,0,,,,,Y,,A,01,0,0,3,0,0,0,0,0,0,"- ","- ",,,NAPA,NAPA,-122.32196807861328,38.336360931396484
9299771,2021,2021-09-10,2802,2021-07-26,1431,320425,50,1,5,5,2802,0,0,0,,0,02B,"SOSCOL AV","SOSCOL AV 358",0.00,,N,A,-,N,,,,,,,,,,N,4,0,1,2,D,-,00,,,N,B,C,A,A,H,-,A,D,0,,,,,Y,,-,"- ",0,0,1,0,0,0,0,0,0,"- ","- ",,,NAPA,NAPA,-122.27462768554688,38.285179138183594
9299996,2021,2021-09-10,2802,2021-08-03,1407,320501,23,2,5,5,2802,0,0,0,,0,003,"BEARD RD","PEAR TREE LN",232.00,N,N,A,-,N,,,,,,,,,,Y,3,0,1,2,A,-,01,23152,A,N,C,E,A,A,H,-,A,D,0,,,,,Y,Y,D,22,0,1,0,0,0,0,0,0,0,"- ","- ",,,NAPA,NAPA,-122.29531860351562,38.321380615234375
9301184,2021,2021-08-18,2800,2021-07-17,0714,250446,20208,6,5,2,2805,0,0,0,,0,002,"FLOSDEN RD","VIA BELLAGIO",0.00,,Y,A,-,N,,,,,,,,,,Y,3,0,1,2,A,-,03,22350,,N,C,C,A,A,H,-,A,D,0,,,Y,,Y,,I,09,0,1,0,0,0,0,0,0,1,"- ","- ",,,NAPA,"AMERICAN CANYON",-122.23973846435547,38.162242889404297
9301749,2021,2021-10-21,2802,2021-06-06,1241,185,21,7,5,5,2802,0,0,0,,0,003,"PUEBLO AV","STADIUM AV",0.00,,Y,A,-,N,,,,,,,,,,Y,1,1,0,2,A,-,03,22350,,N,D,C,A,A,H,-,A,D,0,,,Y,,Y,,C,02,0,0,0,0,0,0,0,1,0,"- ","- ",,,NAPA,NAPA,-122.30047607421875,38.315196990966797
9312071,2021,2021-08-27,2802,2021-08-10,0527,320501,58,2,5,5,2802,0,0,0,,0,04A,"RT 29","TROWER AV",1304.00,N,N,A,-,Y,NAP,4,29,-,-,14.150,H,-,N,Y,4,0,4,3,A,-,03,22350,,N,C,C,A,A,H,-,C,A,0,,,,,Y,,A,01,0,0,4,0,0,0,0,0,0,"- ","- ",,,NAPA,NAPA,-122.31993103027344,38.334102630615234
9312265,2021,2021-09-16,2802,2021-08-20,0744,195,74,5,5,5,2802,0,0,0,,0,04B,"RT 29","RT 12",125.00,,N,A,-,Y,NAP,4,29,-,-,4.680,H,-,N,N,4,0,1,2,A,-,03,22350,,N,C,C,A,A,H,-,A,A,0,,,,,Y,,A,01,0,0,1,0,0,0,0,0,0,"- ","- ",,,NAPA,NAPA,-122.25776672363281,38.222824096679688
9314140,2021,2021-09-17,2802,2021-08-15,1639,320488,35,7,5,5,2802,0,0,0,,0,01A,"3RD ST","CALIFORNIA BL",0.00,,Y,A,-,N,,,,,,,,,,N,3,0,2,3,A,-,09,21802,A,N,D,C,A,A,H,-,A,A,0,,,Y,,Y,,A,07,0,1,1,0,0,0,0,0,2,"- ","- ",,,NAPA,NAPA,-122.30040740966797,38.296474456787109
9314647,2021,2021-10-08,2802,2021-08-08,1551,320488,50,7,5,5,2802,0,0,0,,0,02B,"WILKINS AV","WILKINS AV 2053",100.00,E,N,A,-,N,,,,,,,,,,Y,3,0,3,2,A,-,01,23152,A,N,A,C,A,A,H,-,A,A,0,,,,,Y,Y,A,01,0,1,2,0,0,0,0,0,0,"- ","- ",,,NAPA,NAPA,,
9316457,2021,2021-09-20,2802,2021-08-20,1558,320488,43,5,5,5,2802,0,0,0,,0,01B,"PINE ST","WALNUT ST",0.00,,Y,A,-,N,,,,,,,,,,N,3,0,1,2,A,-,08,22107,,N,D,C,A,A,H,-,A,A,0,,,Y,,Y,,C,02,0,1,0,0,0,0,0,0,1,"- ","- ",,,NAPA,NAPA,-122.30024719238281,38.291210174560547
9316458,2021,2021-09-20,2802,2021-08-22,1309,320488,9,7,5,5,2802,0,0,0,,0,04A,"REDWOOD RD","SOLANO AV",250.00,E,N,A,-,N,,,,,,,,,,N,4,0,1,2,B,-,22,,,N,C,C,A,A,H,-,A,A,0,,,,,Y,,A,01,0,0,1,0,0,0,0,0,0,"- ","- ",,,NAPA,NAPA,-122.30943298339844,38.321155548095703
9316459,2021,2021-09-20,2802,2021-08-28,0855,195,20,6,5,5,2802,0,0,0,,0,04A,"SOLANO AV","W PUEBLO AV",115.00,S,N,A,-,N,,,,,,,,,,Y,3,0,2,2,A,-,08,22107,,N,A,C,A,A,H,-,A,A,0,,,,,Y,,A,01,0,1,1,0,0,0,0,0,0,"- ","- ",,,NAPA,NAPA,-122.30702972412109,38.313640594482422
9322338,2021,2021-09-20,2800,2021-08-28,0921,250521,10201,6,5,2,2805,0,0,0,,0,001,"KIMBERLY DR","RT 29",0.00,,Y,A,-,Y,NAP,4,29,-,-,0.230,I,5,S,Y,3,0,3,2,A,-,08,22107,,N,D,C,A,A,H,-,A,A,0,,,,,Y,,A,01,0,1,2,0,0,0,0,0,0,"- ","- ",,,NAPA,"AMERICAN CANYON",-122.25348663330078,38.158653259277344
9322358,2021,2021-09-15,2802,2021-08-26,1811,320488,31,4,5,5,2802,0,0,0,,0,01A,"G ST","MAIN ST",0.00,,Y,A,-,N,,,,,,,,,,Y,3,0,1,2,A,-,12,22450,A,N,D,C,A,A,H,-,A,A,0,,,,,Y,,A,01,0,1,0,0,0,0,0,0,0,"- ","- ",,,NAPA,NAPA,-122.29206085205078,38.307277679443359
9322766,2021,2021-10-06,2803,2021-09-05,1325,89,,7,5,2,2803,0,0,0,,0,,"MAIN ST",GRAYSON,113.00,S,N,A,-,Y,NAP,4,29,-,-,28.060,H,-,N,N,3,0,3,2,A,-,03,22350,,N,C,C,A,A,H,-,A,A,0,,,,,Y,,A,01,0,3,0,0,0,0,0,0,0,"- ","- ",38.498661041259766,-122.46135711669922,NAPA,"SAINT HELENA",-122.4613037109375,38.498630523681641
9324078,2021,2021-10-06,2800,2021-08-03,1735,250490,20212,2,5,2,2805,0,0,0,,0,002,"MAIN ST","EUCALYPTUS AV",0.00,N,N,A,-,N,,,,,,,,,,N,3,0,1,2,A,-,06,21755,,N,D,C,A,A,H,-,A,D,0,,,Y,,Y,,C,02,0,1,0,0,0,0,0,0,1,"- ","- ",,,NAPA,"AMERICAN CANYON",-122.25382232666016,38.181301116943359
9339735,2021,2021-10-27,2801,2021-09-26,1925,203,1,7,5,2,2801,0,0,0,,0,,"RT 29","BRANNAN ST",321.00,S,N,A,-,Y,NAP,4,29,-,-,37.460,H,-,S,Y,4,0,1,4,A,-,01,23152,F,N,B,E,A,A,H,-,B,D,0,,,,,Y,,A,07,0,0,1,0,0,0,0,0,0,"- ","- ",,,NAPA,CALISTOGA,-122.57635498046875,38.582782745361328
9340502,2021,2021-11-10,2802,2021-09-08,1820,320501,412,3,5,5,2802,0,0,0,,0,02B,"SOSCOL AV","KANSAS AV",387.00,S,N,A,-,N,,,,,,,,,,Y,4,0,1,2,A,-,06,21755,,N,D,C,A,A,H,-,A,A,0,,,,,Y,,A,01,0,0,1,0,0,0,0,0,0,"- ","- ",,,NAPA,NAPA,-122.27460479736328,38.284122467041016
9341166,2021,2021-11-17,2802,2021-10-01,1047,185,7,5,5,5,2802,0,0,0,,0,003,"JEFFERSON ST","TROWER AV",285.00,S,N,A,-,N,,,,,,,,,,Y,3,0,1,2,A,-,08,22107,,N,B,E,A,A,H,-,A,D,0,,,,,Y,,A,01,0,1,0,0,0,0,0,0,0,"- ","- ",,,NAPA,NAPA,-122.30740356445312,38.3321533203125
9341336,2021,2021-11-06,2802,2021-09-24,1319,320488,37,5,5,5,2802,0,0,0,,0,01C,"SCHOOL ST","1ST ST",50.00,S,N,A,-,N,,,,,,,,,,N,4,0,1,2,A,-,03,22350,,N,C,C,A,A,H,-,A,A,0,,,,,Y,,A,01,0,0,1,0,0,0,0,0,0,"- ","- ",,,NAPA,NAPA,-122.28931427001953,38.297122955322266
9349378,2021,2021-10-27,2802,2021-09-30,1134,185,,4,5,5,2802,0,0,0,,0,,"IMPERIAL WY","SOSCOL AV",70.00,E,N,A,-,N,,,,,,,,,,Y,2,0,1,3,A,-,03,22350,,N,B,E,A,A,H,-,A,D,0,,,,,Y,,A,01,1,0,0,0,0,0,0,0,0,"- ","- ",,,NAPA,NAPA,-122.28495788574219,38.306888580322266
9349718,2021,2021-11-23,2802,2021-10-05,1832,320113,31,2,5,5,2802,0,0,0,,0,01A,"MAIN ST","YOUNT ST",0.00,,Y,A,-,N,,,,,,,,,,Y,3,0,1,2,A,-,01,23152,A,M,D,C,A,A,H,-,A,A,0,,,,,Y,Y,A,01,0,1,0,0,0,0,0,0,0,"- ","- ",,,NAPA,NAPA,-122.28943634033203,38.304054260253906
9352368,2021,2021-11-20,2802,2021-09-29,1355,320143,49,3,5,5,2802,0,0,0,,0,02B,"SOSCOL AV","7TH ST",90.00,N,N,A,-,N,,,,,,,,,,N,4,0,1,2,A,-,21,22106,,M,G,B,E,A,H,-,A,D,0,Y,,,Y,Y,,F,26,0,0,1,0,1,0,0,0,0,"- ","- ",,,NAPA,NAPA,-122.28025817871094,38.295707702636719
9352370,2021,2021-12-03,2802,2021-10-20,2259,320541,29,3,5,5,2802,0,0,0,,0,003,"SILVERADO TRL","HAGEN RD",106.00,N,N,B,C,N,,,,,,,,,,Y,4,0,1,1,A,-,03,22350,,N,E,I,A,B,H,-,C,A,0,,,,,Y,,D,22,0,0,1,0,0,0,0,0,0,"- ","- ",,,NAPA,NAPA,-122.27206420898438,38.320842742919922
9353297,2021,2021-12-15,2802,2021-10-24,1900,320488,26,7,5,5,2802,0,0,0,,0,01A,"CALIFORNIA BL","CENTRAL AV",25.00,N,N,C,-,N,,,,,,,,,,Y,4,0,1,1,A,-,01,23152,A,N,E,I,A,B,H,-,C,A,0,,,,,Y,Y,D,22,0,0,1,0,0,0,0,0,0,"- ","- ",,,NAPA,NAPA,-122.30352020263672,38.310836791992188
9354959,2021,2021-11-10,2800,2021-10-16,0637,250446,10204,6,5,2,2805,0,0,0,,0,001,BROADWAY,"RIO DEL MAR",0.00,,Y,A,-,Y,NAP,4,29,-,-,1.660,I,5,S,Y,3,0,2,2,A,-,12,21453,A,N,D,C,A,A,H,-,C,A,0,,,,,Y,,A,01,0,1,1,0,0,0,0,0,0,"- ","- ",,,NAPA,"AMERICAN CANYON",-122.25485229492188,38.179130554199219
9356552,2021,2021-12-06,2802,2021-10-21,1547,320488,50,4,5,5,2802,0,0,0,,0,02B,"SOSCOL AV","KANSAS AV",150.00,S,N,C,-,Y,NAP,4,121,-,-,6.320,H,-,N,N,4,0,1,2,A,-,03,22350,,N,C,C,A,B,H,-,A,A,0,,,,,Y,,A,07,0,0,1,0,0,0,0,0,0,"- ","- ",,,NAPA,NAPA,-122.27455902099609,38.284896850585938
9359042,2021,2021-11-09,2802,2021-10-08,1616,320488,39,5,5,5,2802,0,0,0,,0,02B,"8TH ST","SOSCOL AV",0.00,,Y,A,-,N,,,,,,,,,,N,3,0,1,2,A,-,10,21950,A,N,G,B,B,A,H,-,A,A,0,Y,,,,Y,,A,01,0,1,0,0,1,0,0,0,0,"- ","- ",,,NAPA,NAPA,-122.27958679199219,38.294746398925781
9360606,2021,2021-11-24,2802,2021-11-05,1045,185,20,5,5,5,2802,0,0,0,,0,04A,"W PUEBLO AV","LA PINTURA LN",65.00,E,N,A,-,N,,,,,,,,,,Y,4,0,1,3,A,-,08,22107,,N,C,E,A,A,H,-,A,D,0,,,,,Y,,A,01,0,0,1,0,0,0,0,0,0,"- ","- ",,,NAPA,NAPA,,
9360906,2021,2021-12-29,2802,2021-11-01,0233,186,41,1,5,5,2802,0,0,0,,0,02B,"TERRACE DR","TERRACE DR 1083",0.00,,Y,B,-,N,,,,,,,,,,N,4,0,1,2,A,-,01,23153,B,N,C,C,A,A,-,-,C,D,0,,,,,Y,Y,A,01,0,0,1,0,0,0,0,0,0,"- ","- ",,,NAPA,NAPA,-122.26946258544922,38.294704437255859
9361781,2021,2021-12-06,2803,2021-10-29,1714,90,,5,5,2,2803,0,0,0,,0,,"MAIN ST","CHARTER OAK AV",14.00,N,N,A,-,N,,,,,,,,,,Y,4,0,3,3,A,-,03,22350,,N,C,C,B,A,H,-,A,A,0,Y,,,,Y,Y,A,01,0,0,3,0,0,0,0,0,0,"- ","- ",38.50115966796875,-122.46420288085938,NAPA,"SAINT HELENA",-122.46440124511719,38.501327514648438
9364993,2021,2021-12-30,2802,2021-11-11,1253,320488,34,4,5,5,2802,0,0,0,,0,03B,"LAUREL ST","RIORDAN LN",0.00,,Y,A,-,N,,,,,,,,,,Y,3,0,2,2,A,-,05,21651,A,N,B,C,A,A,H,-,A,A,0,,,Y,,Y,,A,01,0,1,1,0,0,0,0,0,1,"- ","- ",,,NAPA,NAPA,,
9364994,2021,2021-12-30,2802,2021-11-17,0745,320425,1,3,5,5,2802,0,0,0,,0,,"BIG RANCH RD","BIG RANCH RD 2196",0.00,,Y,A,-,N,,,,,,,,,,Y,4,0,2,2,A,-,08,22107,,N,D,C,A,A,H,-,A,D,0,,,,,Y,,A,01,0,0,2,0,0,0,0,0,0,"- ","- ",,,NAPA,NAPA,,
9364995,2021,2021-12-30,2802,2021-11-16,2000,320283,9,2,5,5,2802,0,0,0,,0,04A,"REDWOOD RD","SOLANO AV",50.00,W,N,A,-,N,,,,,,,,,,Y,3,0,1,3,A,-,01,23152,A,M,C,C,A,A,H,-,C,A,0,,,,,Y,Y,A,01,0,1,0,0,0,0,0,0,0,"- ","- ",,,NAPA,NAPA,-122.31044769287109,38.320972442626953
9365491,2021,2021-12-16,2802,2021-11-13,0016,320527,44,6,5,5,2802,0,0,0,,0,01B,"JEFFERSON ST","PINE ST",100.00,N,N,A,-,N,,,,,,,,,,Y,3,0,1,3,A,-,01,23152,A,N,C,E,A,A,H,-,C,D,0,,,,,Y,Y,A,01,0,1,0,0,0,0,0,0,0,"- ","- ",,,NAPA,NAPA,-122.29432678222656,38.291496276855469
9368698,2021,2021-12-15,2802,2021-11-05,2100,320488,27,5,5,5,2802,0,0,0,,0,01A,"LINCOLN AV","YAJOME ST",0.00,,Y,A,-,N,,,,,,,,,,N,4,0,4,2,A,-,12,22450,A,F,D,C,A,A,H,-,C,A,0,,,,,Y,,-,99,0,0,4,0,0,0,0,0,0,"- ","- ",,,NAPA,NAPA,-122.29133605957031,38.309192657470703
9368830,2021,2022-01-12,2802,2021-11-23,1749,320477,9,2,5,5,2802,0,0,0,,0,04A,"REDWOOD RD","SOLANO AV",0.00,,Y,A,-,N,,,,,,,,,,Y,4,0,2,2,A,-,09,21801,A,N,D,C,A,A,H,-,C,A,0,,,,,Y,,A,07,0,0,2,0,0,0,0,0,0,"- ","- ",,,NAPA,NAPA,-122.31027984619141,38.320999145507812
9371405,2021,2022-01-21,2800,2021-12-29,2245,250529,20207,3,5,2,2805,0,0,0,,0,002,"RT 29","KIMBERLY DR",0.00,,Y,A,-,Y,NAP,4,29,-,-,0.230,I,5,N,Y,4,0,1,2,A,-,08,22107,,N,D,C,A,B,H,-,D,D,0,,,,,Y,,D,22,0,0,1,0,0,0,0,0,0,"- ","- ",,,NAPA,"AMERICAN CANYON",-122.25325775146484,38.158634185791016
9376783,2021,2022-01-07,2802,2021-12-06,1807,320531,12,1,5,5,2802,0,0,0,,0,003,"JEFFERSON ST","RUBICON ST",0.00,,Y,C,-,N,,,,,,,,,,Y,3,0,1,2,A,-,09,21802,A,N,D,C,A,B,H,-,C,D,0,,,,,Y,,A,01,0,1,0,0,0,0,0,0,0,"- ","- ",,,NAPA,NAPA,-122.30122375488281,38.324241638183594
9378496,2021,2021-12-14,2802,2021-11-29,1747,320388,23,1,5,5,2802,0,0,0,,0,003,"OLD SOSCOL WY","SOSCAL AV",0.00,,Y,A,-,N,,,,,,,,,,Y,3,0,2,2,A,-,21,22106,,N,D,C,A,A,H,-,C,D,0,,,,,Y,,A,01,0,1,1,0,0,0,0,0,0,"- ","- ",,,NAPA,NAPA,-122.28582000732422,38.321765899658203
9378500,2021,2021-12-16,2802,2021-11-19,2140,320488,74,5,5,5,2802,0,0,0,,0,04B,"RT 29","RT 12",0.00,,Y,A,-,Y,NAP,4,29,-,-,4.690,H,-,N,N,4,0,1,2,A,-,03,22350,,M,C,C,A,A,H,-,C,A,0,,,,,Y,,D,22,0,0,1,0,0,0,0,0,0,"- ","- ",,,NAPA,NAPA,-122.25777435302734,38.222965240478516
9379663,2021,2022-02-07,2800,2021-12-26,1250,250263,20207,7,5,2,2805,0,0,0,,0,002,"KIMBERLY DR","RT 29",0.00,,Y,B,C,Y,NAP,4,29,-,-,0.200,H,-,S,Y,3,0,9,3,A,-,03,22350,,N,A,E,A,B,H,-,A,D,0,,,,,Y,,A,01,0,1,8,0,0,0,0,0,0,"- ","- ",,,NAPA,"AMERICAN CANYON",-122.25350952148438,38.158199310302734
9380728,2021,2022-02-01,2802,2021-12-28,0631,320488,1,2,5,5,2802,0,0,0,,0,04A,"SALVADOR AV","SOLANO AV",0.00,,Y,A,-,N,,,,,,,,,,Y,3,0,1,2,A,-,09,21801,A,N,D,C,A,A,H,-,C,A,0,,,,,Y,,A,07,0,1,0,0,0,0,0,0,0,"- ","- ",,,NAPA,NAPA,-122.32485961914062,38.339332580566406
9382720,2021,2022-01-13,2802,2021-12-14,1957,185,77,2,5,5,2802,0,0,0,,0,01C,"CLINTON ST","SOSCOL AV",12.00,W,N,B,-,N,,,,,,,,,,N,3,0,1,2,A,-,05,21650,1,N,D,G,A,A,H,-,C,D,0,,Y,,,Y,,L,04,0,1,0,0,0,0,1,0,0,"- ","- ",,,NAPA,NAPA,-122.28489685058594,38.302402496337891
9382775,2021,2022-01-18,2802,2021-12-01,1353,320425,20,3,5,5,2802,0,0,0,,0,04A,"MORLAN DR","SOLANO AV",0.00,,Y,A,-,N,,,,,,,,,,Y,3,0,3,2,A,-,09,21801,A,N,D,C,A,A,H,-,A,D,0,,,,,Y,,A,01,0,3,0,0,0,0,0,0,0,"- ","- ",,,NAPA,NAPA,-122.30677795410156,38.312801361083984
9384780,2021,2022-01-26,2802,2021-12-10,1459,320488,21,5,5,5,2802,0,0,0,,0,003,"TRANCAS ST","CALIFORNIA BL",5.00,E,N,A,-,N,,,,,,,,,,N,3,0,1,2,A,-,15,21201,A,N,D,G,A,A,H,-,A,A,0,,Y,,,Y,,L,04,0,1,0,0,0,0,1,0,0,"- ","- ",,,NAPA,NAPA,-122.30583953857422,38.321804046630859
9409900,2021,2022-05-20,2802,2021-11-03,1621,320531,50,3,5,5,2802,0,0,0,,0,02B,"SILVERADO TRL","SOSCOL AV",0.00,,Y,A,-,Y,,,,,,,,,,Y,3,0,1,2,A,-,12,21453,A,N,D,C,A,A,H,-,A,A,0,,,,,Y,,D,22,0,1,0,0,0,0,0,0,0,"- ","- ",,,NAPA,NAPA,-122.27522277832031,38.288158416748047
9446441,2021,2022-06-01,2800,2021-01-23,1758,250448,20207,6,5,2,2805,0,0,0,,0,002,BROADWAY,"VINE TERRACE WAY",0.00,,Y,A,-,N,,,,,,,,,,N,4,0,1,2,A,-,10,21950,A,N,G,B,B,A,H,-,C,A,0,Y,,,,Y,,A,08,0,0,1,0,1,0,0,0,0,"- ","- ",,,NAPA,"AMERICAN CANYON",-122.25215911865234,38.156318664550781